Employee ID,First Name,Last Name,Age,Gender,DOB,Date Joined,Date Resigned,Department,Salary,Performance level
1,Cynthia, gomez,48,Woman,08 May 2010,2021-12-15,2024-05-21,Operation,184016,1
2,Ryan,Blair,,Man,1908-07-02,2024-07-14,2028-06-26,Sales,101159,Exceeds
3,John,Russo,69,F,12 Sep 2021,2023-11-02,2027-06-29,Marketing,52625,Outstanding
4,Donald,Salinas,52,Girl,2016-12-12,2023-10-30,2026-10-20,Sales,90758,Meets
5,James,Lee,70,Woman,08 Aug 2011,2022-12-21,2025-08-21,IT,193481,3
6,Anna,Frost,56,Woman,,2022-01-13,2024-05-14,Marketing,132763,3
7,Theresa, morgan,46,Boy,1967-02-19,2024-02-18,2024-12-11,Sale,3449,Exceeds
8,Shawn,Johnston,41,Woman,25 Sep 1995,2021-12-07,2023-02-14,Operations,81011,2
9,Connie,Smith,36,Decline to comment,29 Dec 1959,2022-11-08,2025-02-22,IT,8662,2
10,Ashley,Smith,53,Woman,1991-11-20,2021-02-09,2021-10-05,Operations,69801,Meets
11,Alexis,hall ,18,M,09 Apr 1955,2023-08-03,2024-01-16,Finance,87570,1
12, Shannon,Meyer,46,Woman,1951-10-06,2020-09-03,2024-05-20,Sales,34677,Below
13,Amber,Wood,30,F,,2024-06-11,2027-07-31,Engineering,97891,2
14,Cheyenne,taylor ,49,Boy,1999-01-25,2022-10-20,2023-07-29,Customer Service,45799,1
15,Jordan,Kramer,53,Decline to comment,14 Jun 1958,2021-03-07,2023-10-21,Sales,95163,Meets
16, Connie,Giles,45,Woman,06 Feb 1948,2022-12-26,2026-09-12,Operations,102793,1
17,rachel ,Davies,20,Boy,1993-06-08,2024-10-15,2025-01-01,IT,51187,Needs Improvement
18,Jacob Terri,,49,Boy,,2020-05-14,2023-11-02,Finance,159160,4
19,Michael,Garcia,28,Boy,,2023-02-03,2024-08-13,Finance,153802,Meets
20,Jamie,Sims,65,Boy,1939-01-27,2022-02-03,2022-07-12,Marketing,79379,Meets
21,michael ,king ,32,Boy,1960-05-17,2023-07-25,2027-03-13,IT,103370,1
22,Lauren,Sheppard,23,Man,1922-10-16,2020-08-19,2023-06-11,IT,103820,3
23,Brooke,Foster,40,Man,2009-11-16,2021-03-30,2024-06-01,Customer Service,95097,2
24,Stephen,Oliver,62,Male,1955-02-06,2020-05-14,2022-01-13,Engineering,34105,Exceeds
25,karina ,kim ,44,Female,12 Jun 1994,2022-10-12,2025-05-18,IT,35069,3
26,Stephanie,Martinez,24,Woman,1992-08-04,2022-02-13,2024-07-27,Marketing,141568,2
27,Julie, henderson,69,Boy,1943-08-28,2020-04-30,2021-04-27,IT,194702,Exceeds
28,Matthew,Jones,65,Boy,1966-05-06,2023-01-16,2026-09-23,Customer Service,153935,4
29,katie ,jones ,,Girl,1931-01-03,2023-08-08,2026-01-22,Finance,153950,4
30,,King Smith,22,Girl,1926-09-18,2020-11-19,2024-10-10,Engineering,54866,Exceeds
31,Joshua, taylor,,Boy,29 Nov 2004,2020-08-21,2023-02-22,Operations,146611,2
32,Leah Timothy,,58,F,1975-07-27,2023-05-16,2026-08-12,Operations,144333,3
33,ashley ,Brock,22,Man,1936-12-04,2020-09-23,2022-08-13,Engineering,62101,4
34,Michael,Lopez,41,Boy,24 Aug 1923,2024-04-24,2026-07-23,Marketing,166910,Outstanding
35,edward ,Dunn,63,Male,1949-04-28,2024-02-16,2025-12-15,Operations,112906,Outstanding
36,Jodi,Lamb,57,F,1959-12-27,2023-01-20,2026-07-14,Customer Service,78523,Meets
37,Robert, mcdonald,22,Male,1998-08-09,2023-10-26,2024-02-03,Finance,10296,Below
38,Jeffrey,Kim,45,Girl,1945-07-31,2022-01-10,2024-03-13,Engineering,129361,Exceeds
39,Stephanie,Francis,,Decline to comment,24 Feb 1976,2022-09-17,2025-01-16,Finance,177965,4
40,Alexis, parker,57,Female,1967-07-22,2021-04-23,2025-04-17,Marketing,127234,3
41,,Wells Ross,52,Man,,2023-08-25,2025-01-14,Operations,194386,Meets
42, Michele,Mills,30,M,1937-07-28,2021-10-31,2024-05-28,Finance,189561,Outstanding
43,Anna,Smith,32,Girl,1979-02-09,2021-11-23,2024-04-22,IT,96436,Meets
44,Curtis,bell ,20,M,1939-08-20,2020-02-09,2023-01-14,Sales,191826,Below
45,Jeffrey,Mccoy,42,Woman,09 Oct 1940,2024-05-15,2026-03-01,Customer Service,121092,4
46,Courtney,Johnston,58,Woman,1924-02-09,2020-09-27,2022-06-04,Finance,4117,Needs Improvement
47,Sara,Mendez,,Woman,10 Nov 1974,2023-10-22,2027-07-02,H,7780,Outstanding
48,mercedes ,Henry,46,F,01 Jun 1967,2021-08-18,2022-05-09,Marketing,183038,3
49,Diane,Chandler,,Decline to comment,2002-02-18,2021-07-19,2024-12-03,Customer Service,50006,Outstanding
50,Megan,Peters,24,Man,1973-10-05,2021-05-02,2025-05-01,Operations,199538,Exceeds
51, Cory,tucker ,55,Male,30 May 1952,2021-11-25,2024-06-07,HR,88393,Outstanding
52,Brian,Olson,18,Woman,13 Apr 1916,2020-05-15,2022-03-15,Sales,96461,1
53,Jackie,Peterson,40,Decline to comment,26 Apr 2023,2024-05-08,2027-12-24,HR,103223,Outstanding
54,David,Fitzpatrick,65,N/A,,2021-08-11,2025-04-19,Marketing,182878,1
55,Brandon,Macdonald,,Male,1935-10-31,2023-06-19,2026-01-07,Operations,176106,2
56,Joseph,Thompson,47,Female,2015-06-14,2023-08-02,2025-11-27,Sales,149314,Outstanding
57,Victoria Matthew,,39,Woman,1948-06-03,2020-06-22,2024-04-17,Operations,51645,3
58,james ,Martinez,41,M,,2023-08-29,2027-04-21,Finance,128529,Below
59,Andrew,Gonzalez,25,F,1962-08-23,2023-03-30,2024-03-04,Marketing,43072,Meets
60,Leon,horton ,22,N/A,05 Nov 2015,2020-07-17,2022-05-11,IT,100105,3
61,Jesus,Wood,36,Boy,1989-02-28,2021-06-01,2022-11-03,IT,86347,Exceeds
62,wendy ,Ramirez,21,Boy,1931-04-18,2020-11-15,2022-02-12,Sales,15392,4
63,Nicholas,Tucker,25,Female,15 Mar 1982,2023-08-05,2023-10-11,HR,158867,5
64,Wayne,carter ,50,Decline to comment,1918-11-10,2023-05-17,2027-03-25,Sales,11208,5
65,Allen,lowe ,24,Girl,1913-02-15,2022-10-05,2025-12-23,Sales,154959,Meets
66,Susan,Yates,44,Boy,1999-08-07,2022-09-28,2025-01-31,Customer Service,185711,Outstanding
67,Laura,Anderson,59,Woman,26 Jan 1921,2024-12-30,2027-03-02,Customer Service,153211,Needs Improvement
68, Lauren,Morse,70,Girl,1999-10-08,2021-03-04,2024-03-02,IT,76549,Needs Improvement
69, Jennifer,Monroe,62,Woman,1956-01-18,2022-05-26,2023-04-28,HR,142506,1
70,,Smith Wall,58,F,,2022-09-18,2022-11-24,HR,45759,Needs Improvement
71,Scott, dixon,32,Boy,27 Jan 1973,2022-03-29,2025-12-22,Marketing,163754,Below
72, Jacob,Smith,60,N/A,1950-06-12,2020-02-29,2022-07-26,I,113284,3
73,holly ,Dillon,33,M,1975-04-23,2021-06-05,2024-08-05,Customer Service,76383,1
74,Nicole,Fields,31,Boy,2006-05-18,2024-05-21,2028-04-11,Operations,168383,Outstanding
75,,Walker Moore,60,F,1986-11-19,2024-12-25,2028-10-10,Operations,85231,Meets
76,emily ,rogers ,26,N/A,1993-01-29,2022-06-29,2024-01-10,Finance,158291,Meets
77,Omar,Hill,36,N/A,19 Jul 1953,2022-08-14,2026-05-01,HR,93720,4
78,Chloe,Campbell,23,Man,24 Jan 1946,2022-05-20,2023-01-10,Engineering,97394,Outstanding
79,Brian,Flores,68,Girl,,2022-12-28,2024-01-02,Marketing,15598,Needs Improvement
80,Sarah,Myers,58,N/A,2015-05-05,2022-07-21,2023-08-08,Customer Service,107390,Needs Improvement
81,William,Faulkner,,Girl,1973-03-09,2020-07-22,2021-02-25,Operations,196950,Exceeds
82,Glenn,Farrell,55,Female,1986-05-03,2024-09-30,2026-02-25,IT,70469,1
83,Amy,Bailey,62,Woman,13 Mar 1919,2022-10-07,2023-02-15,IT,117694,Below
84,Brenda,owen ,,F,1946-02-27,2022-03-02,2022-12-09,Operations,93996,1
85, Paige,bradford ,54,Man,01 Nov 2012,2024-10-22,2028-09-15,HR,42235,2
86,kirk ,Duncan,,Girl,1947-06-16,2020-04-14,2022-09-02,Marketing,96580,1
87,Jordan,Mejia,42,Woman,1912-07-07,2021-09-01,2025-04-01,Sales,57559,Meets
88,Jonathan,Patel,69,Decline to comment,,2024-03-23,2024-10-20,IT,188021,Exceeds
89,beverly ,Hall,19,Decline to comment,18 Aug 1974,2024-08-23,2025-03-15,IT,125303,Needs Improvement
90,Joel,Martin,64,Male,,2024-12-04,2026-12-08,HR,189355,1
91,Vincent,Buckley,55,F,2000-06-26,2020-06-06,2023-11-08,HR,33454,Meets
92,,Harris Ray,34,Female,2016-12-02,2023-02-16,2024-05-19,Finance,134956,4
93,Patricia,Hansen,60,Man,24 Aug 1954,2024-09-08,2026-06-21,Engineering,146587,Outstanding
94,daniel ,Miller,46,M,1928-05-27,2021-05-01,2024-09-19,Sales,85489,1
95,Brenda,Carroll,37,M,1975-04-11,2023-05-19,2026-02-21,marketinging,133977,3
96,Katie,Luna,60,Decline to comment,09 Jun 1985,2022-02-28,2024-01-23,H,59966,Outstanding
97,Joshua,Powell,,F,30 Mar 1921,2022-07-20,2023-11-21,Engineering,164157,Outstanding
98,Priscilla,Simmons,,Decline to comment,1972-07-04,2024-04-17,2026-08-23,HR,100023,Exceeds
99,Elizabeth, peters,32,N/A,29 Dec 1928,2020-02-09,2023-07-10,Sale,78168,5
100,Courtney Robert,,36,F,29 Jan 2001,2020-05-19,2020-07-22,Engineering,173198,3
101,Tyler,eaton ,62,N/A,18 Apr 2015,2021-02-19,2024-06-08,Marketing,193607,Meets
102,Edward,Lee,37,Woman,19 Dec 1942,2020-03-06,2024-02-01,I,159161,5
103, David,Rodriguez,63,Woman,2024-01-20,2022-12-06,2023-02-26,Operation,173347,5
104,Joshua,Hughes,32,Female,,2022-12-03,2025-07-02,Engineering,83868,1
105,Samantha Austin,,35,F,23 Nov 1941,2023-08-26,2025-10-25,Sales,34503,5
106,Robert,Jones,,Male,1908-11-15,2024-10-01,2025-06-03,Finance,32505,Below
107, Andrew,Brewer,19,F,1948-02-24,2023-08-28,2024-08-30,Sales,145604,1
108,Eric,Ramos,48,Boy,2001-04-22,2023-06-01,2024-03-23,HR,13391,Outstanding
109,Alexandra,Everett,68,F,12 Sep 1996,2023-12-28,2026-09-25,HR,119092,1
110, Alisha,Meyer,67,M,,2023-02-05,2024-04-25,Customer Service,136737,Needs Improvement
111,Jessica William,,35,Decline to comment,,2021-05-30,2024-01-07,HR,132756,Below
112,Derek,Phillips,65,Man,16 Sep 1945,2023-12-31,2024-04-12,I,82343,Meets
113,William,Greene,22,Man,1946-12-15,2023-05-31,2025-06-27,HR,172333,2
114,Crystal,Garner,45,Girl,07 Aug 2003,2024-10-21,2028-03-18,Engineering,142775,Needs Improvement
115,Benjamin,Hull,55,Girl,1915-08-22,2024-05-03,2028-01-10,Engineering,50342,Below
116,Matthew,Mclaughlin,,F,17 Sep 2002,2022-05-13,2023-10-05,engineeringing,15391,3
117,Kimberly,George,,Female,,2020-07-02,2023-08-30,Marketing,4115,Exceeds
118,Jenna,Goodman,24,Boy,1922-10-21,2021-05-23,2023-04-15,Engineering,139673,Exceeds
119,,Cooke Navarro,65,Man,04 Nov 1934,2020-09-03,2023-12-01,Engineering,191211,Below
120,Julie,Garcia,66,Man,03 Jun 1909,2024-08-17,2028-06-16,Engineering,30497,Outstanding
121,angela ,Franklin,63,Girl,03 Jan 1932,2020-10-23,2020-12-12,HR,55162,Meets
122,Dennis,Bates,39,M,1984-01-26,2020-12-26,2022-08-16,Customer Service,55530,Meets
123,Cheryl,snyder ,37,Decline to comment,,2022-07-27,2023-01-14,H,106163,Meets
124,John,Le,25,Decline to comment,1958-03-21,2022-12-08,2024-03-27,Customer Service,134082,5
125,Lori,Payne,43,Decline to comment,1947-01-19,2024-11-19,2026-04-10,Customer Service,181284,3
126,Robert,Hill,39,Decline to comment,21 Oct 2018,2023-04-04,2023-10-01,Engineering,35391,Needs Improvement
127, Joseph,Gray,44,Decline to comment,13 Jan 1939,2022-08-11,2024-10-14,HR,15797,Needs Improvement
128,Christopher,rodriguez ,57,Woman,01 Jan 1963,2022-08-16,2025-08-02,Sales,146998,4
129,jonathan ,Marsh,25,Decline to comment,1939-09-02,2024-06-06,2024-08-25,Customer Service,110640,2
130,Cory,Parker,,Boy,1952-10-16,2020-08-14,2024-01-22,Sales,5294,Below
131,Lauren,Smith,43,Male,20 Oct 2022,2022-12-08,2024-07-24,IT,101301,Outstanding
132,Anthony, harris,31,Female,1922-12-18,2022-01-25,2025-09-29,Sales,4859,Outstanding
133,veronica ,Hernandez,64,Male,1986-07-01,2024-10-03,2025-01-18,Customer Servic,145949,Below
134,thomas ,Woods,42,Man,31 Mar 1948,2023-11-26,2027-06-19,Sales,168216,Meets
135,jermaine ,Armstrong,22,Male,05 Dec 1910,2024-11-26,2028-06-02,Sales,118315,Outstanding
136,Clifford, salas,59,Man,03 Apr 1974,2024-03-20,2024-11-29,Marketing,56726,Needs Improvement
137, Heather,Simpson,,M,,2023-09-06,2025-12-01,IT,163734,Below
138,Tyler,Torres,,Man,1925-04-05,2024-11-30,2027-10-10,Engineering,135671,2
139,Kyle,Schwartz,43,F,1914-06-23,2020-03-09,2021-08-25,HR,96679,Meets
140,Jamie,Lopez,62,Decline to comment,29 Jan 1993,2022-11-04,2024-01-06,Customer Service,161070,Below
141,Jennifer,Thomas,59,Decline to comment,,2023-09-26,2024-08-19,Customer Service,140378,Exceeds
142,Madison,bowman ,27,N/A,,2021-12-29,2022-04-30,Engineering,171091,Exceeds
143,Cameron,Lang,69,Female,16 Mar 1956,2022-07-03,2025-10-20,Engineering,122905,2
144,Samuel,Lawson,,Male,25 Nov 1928,2021-09-14,2023-12-21,IT,33945,Below
145,Pamela,Cox,35,Female,19 Jul 2021,2020-12-22,2021-06-22,Customer Service,141088,Meets
146,,Burke Harris,54,M,11 Jun 1968,2023-10-03,2027-09-14,IT,50968,2
147,Lynn Juan,,63,Man,2001-05-23,2020-07-13,2022-08-11,Sales,120451,3
148,Laura,Ray,24,Decline to comment,19 Dec 1936,2023-03-26,2025-06-10,HR,146611,4
149,Bonnie,Cox,,N/A,1911-11-28,2022-04-13,2025-08-25,Finance,59497,Outstanding
150,Shannon,Fleming,53,Decline to comment,1968-01-27,2020-07-15,2023-10-15,Customer Servic,116602,2
151,Kimberly,Miller,67,Man,1932-09-28,2022-02-05,2025-04-25,Customer Service,3106,Exceeds
152,Victoria,Clark,55,Man,1960-12-12,2021-02-21,2022-09-16,Finance,171935,1
153,Laura,Rodriguez,65,M,2000-11-12,2020-04-27,2020-09-13,IT,44009,4
154,Charles,Mclaughlin,20,Man,1920-10-04,2024-02-07,2024-12-08,Engineering,154149,Meets
155,Gabrielle,velazquez ,35,Boy,1993-04-05,2021-04-12,2024-12-16,HR,4168,2
156,Herbert, carey,61,F,,2020-10-19,2022-01-20,Sales,112275,Exceeds
157,Eric,Garcia,48,N/A,01 Mar 1961,2022-02-20,2025-12-21,Sales,127486,4
158,Henry,Abbott,26,F,1929-08-23,2021-12-22,2024-07-14,Engineering,8973,Exceeds
159,jessica ,Davis,21,Woman,1990-02-07,2020-01-24,2024-01-19,IT,82126,Needs Improvement
160,,Jenkins Ward,70,M,28 Jul 1969,2023-09-16,2024-01-02,Finance,150315,Exceeds
161,Amy,Butler,25,Decline to comment,04 Mar 1920,2024-07-18,2026-10-20,I,179160,Needs Improvement
162,linda ,Allen,66,Male,07 Mar 2003,2022-08-03,2022-09-22,IT,189649,1
163,Benjamin,Miller,49,F,23 Jun 1919,2020-04-25,2020-12-11,Sales,53455,5
164,Daniel,Nguyen,48,N/A,18 Jun 1960,2021-05-19,2022-05-17,Finance,11340,2
165,William,Ruiz,69,Female,2015-10-15,2020-02-29,2021-08-06,Operations,111282,1
166,Lori,Esparza,20,N/A,1930-04-12,2024-06-24,2026-01-02,Sales,71233,Meets
167, Joseph,Dyer,44,Woman,03 Feb 2005,2021-08-23,2023-08-06,Sales,141353,3
168,helen ,Randall,70,Man,31 Oct 1932,2022-09-17,2024-07-31,HR,181353,3
169,,Taylor White,70,Male,26 Feb 2007,2024-09-13,2025-10-02,IT,158441,1
170,Jennifer,knight ,28,Girl,24 Mar 1945,2020-07-18,2020-09-14,Finance,179272,5
171,Deborah, saunders,53,Decline to comment,,2022-03-30,2025-09-08,Customer Service,78888,Below
172,,Jones Lopez,52,Man,1956-11-01,2022-10-05,2025-02-12,Sales,75750,3
173, Nina,Brown,36,Girl,07 Mar 1922,2021-09-08,2023-11-15,Sales,62935,4
174,James,Johnson,21,N/A,,2020-07-26,2022-07-15,HR,98545,Outstanding
175,Teresa,Lin,19,Male,1913-03-06,2024-11-14,2026-05-07,HR,141226,4
176,,Powell Little,23,M,1954-02-21,2022-01-26,2024-12-22,H,123133,Needs Improvement
177,Andrew,Barker,53,Man,1940-09-27,2021-01-12,2024-08-27,Operations,87399,5
178,Margaret,Wang,39,N/A,1954-07-28,2024-12-28,2028-06-27,Engineering,57686,1
179, Cody,kirk ,29,Boy,1909-01-24,2020-10-17,2022-06-05,Marketing,125492,3
180,Alexander,Morse,55,Male,1934-11-02,2022-11-21,2025-11-13,HR,179193,5
181,Tammy,Smith,61,Man,14 Nov 2004,2021-04-29,2023-04-06,Customer Service,83996,4
182,Marissa Lisa,,64,Decline to comment,18 Sep 1978,2020-04-19,2023-11-03,H,13166,Exceeds
183,Jessica,Hancock,43,Male,18 Apr 1955,2024-02-07,2026-10-22,Finance,36556,Meets
184,Ashley,Gill,51,Man,31 May 2020,2024-03-29,2025-04-26,Marketing,184865,3
185,Sarah,Harris,48,Female,2000-05-05,2022-07-03,2024-02-27,Operations,147954,Needs Improvement
186,Lindsey,Gonzalez,,N/A,22 Dec 1931,2023-04-28,2024-10-18,Engineering,139968,Exceeds
187,Lindsey,Hogan,51,F,03 Apr 1933,2020-08-18,2023-03-28,marketinging,156269,2
188,David Heather,,69,Female,18 Aug 1956,2020-01-10,2023-07-26,Marketing,136804,Exceeds
189,Kelsey,cobb ,,N/A,,2023-09-03,2027-02-03,Customer Service,82484,2
190,Megan,Dodson,56,Man,,2021-04-19,2024-07-14,Marketing,41984,5
191,Pamela,Harper,60,F,1918-11-09,2022-06-06,2025-01-13,Sales,181929,4
192,Andrea,Crosby,20,Male,03 Oct 1963,2020-05-18,2024-02-17,Engineering,156112,Needs Improvement
193,,Dennis Wagner,,M,2019-02-25,2021-06-12,2024-06-19,IT,4133,2
194,Shawn,Warren,56,F,26 Jan 1923,2022-07-28,2023-02-12,Operations,139051,2
195,david ,bates ,40,Boy,,2022-03-06,2026-02-22,IT,47696,2
196, Barry, cardenas,32,F,23 Dec 1975,2024-07-13,2026-08-02,Finance,73114,5
197,Katherine,Carter,22,Female,09 Oct 1979,2020-07-09,2023-08-15,Operations,110615,3
198,Anthony,Terrell,61,Man,22 Jul 1965,2024-01-19,2025-08-07,Operations,71851,Below
199,,Suarez Copeland,,Man,2004-10-20,2024-04-10,2025-10-11,HR,63846,3
200,Julia,Watson,45,Girl,30 Apr 1961,2020-02-06,2022-04-21,IT,131988,4
201,Michael, lewis,,Male,07 Dec 2022,2024-12-20,2025-10-25,Engineering,181717,2
202,Patrick,Lopez,43,Man,1989-11-20,2023-10-04,2023-12-30,Customer Service,162142,Needs Improvement
203,John,Hernandez,33,Male,1999-12-24,2020-02-20,2021-04-01,Engineering,48371,4
204,Cody,Rodgers,40,Man,26 Apr 1926,2022-10-13,2025-12-11,HR,89312,5
205,Gregory,Bryant,24,Female,10 May 2010,2022-07-10,2024-09-04,Operations,162350,Exceeds
206,Jacob,Martin,,Man,1964-06-19,2023-05-28,2025-05-15,Operations,150988,4
207,Brandon,peck ,63,M,1990-02-19,2024-12-20,2026-05-11,HR,59704,Needs Improvement
208,Derek,Simon,42,Male,14 Sep 1995,2021-01-25,2021-07-25,Customer Service,36609,4
209,Matthew,Griffin,47,N/A,19 Aug 1975,2024-07-17,2025-03-18,IT,32840,5
210,Shannon,Anderson,45,Girl,2011-07-19,2022-05-21,2025-11-18,Customer Service,89472,2
211, Whitney,Galloway,26,Female,1945-08-20,2022-08-06,2023-05-17,Engineering,137404,Meets
212,Stephen,Adams,59,M,1931-09-02,2023-11-21,2025-06-08,Finance,101022,2
213,Stacey,Miller,34,Boy,16 Jun 2023,2024-10-17,2027-10-02,IT,126186,Needs Improvement
214, Alexander,Morris,39,Girl,06 Apr 1941,2023-03-03,2025-02-28,IT,146084,3
215,Doris,Wong,58,Man,1925-03-18,2024-05-05,2025-04-08,Marketing,182491,4
216,Ryan,Ramsey,21,Decline to comment,2022-04-30,2020-05-23,2023-04-12,IT,122498,Outstanding
217,,Reid Hill,51,Woman,05 Jun 1937,2021-03-31,2023-07-25,HR,152605,Outstanding
218,Shane Christian,,31,Girl,1952-09-30,2020-10-25,2022-10-20,Customer Service,179867,3
219,Melissa,Benson,27,Decline to comment,1958-10-28,2023-02-19,2025-04-11,Operations,100987,5
220,Christine,hudson ,,N/A,1955-05-23,2021-08-16,2024-04-24,Customer Service,71027,5
221,William,Clark,30,Male,08 Apr 1988,2021-09-14,2024-03-16,Engineering,146064,Below
222,Richard,Houston,45,Female,12 Jan 1993,2023-11-09,2024-12-01,IT,165414,3
223,Bianca,Brown,31,F,1949-04-16,2020-07-02,2023-02-21,Sale,85255,Needs Improvement
224, Laura,Young,26,Boy,29 Jul 1951,2024-08-05,2026-11-17,HR,134045,2
225,Jennifer,Williams,43,Decline to comment,,2022-12-05,2023-09-17,Customer Service,106631,1
226,,Wise Brown,70,N/A,14 Mar 1950,2020-12-03,2021-09-15,HR,134208,Outstanding
227, William,Houston,,Man,1996-09-03,2020-12-22,2024-10-06,Marketing,199930,1
228,Brian,Banks,44,Boy,07 Sep 1991,2020-03-03,2021-09-22,Marketing,158903,1
229,,Fuentes Adams,45,Woman,1911-06-28,2022-07-13,2024-02-26,HR,162844,Meets
230,Christian,Payne,65,Decline to comment,02 Nov 1968,2024-03-19,2025-10-15,Customer Service,56853,5
231, Joseph,Harris,26,Decline to comment,1999-05-06,2024-04-08,2028-03-18,Sales,172797,Exceeds
232,,Dean Howard,53,Female,,2020-02-05,2023-01-31,Operations,161339,4
233, Judith,Mcintyre,44,Man,26 Sep 1977,2023-02-25,2025-01-21,IT,71819,2
234,Jerry,Gillespie,26,Boy,26 Apr 2001,2021-06-19,2023-04-04,HR,112957,Below
235,Mitchell,Patel,62,M,1946-10-21,2022-07-01,2024-04-19,marketinging,88281,Outstanding
236,sarah , west,30,Girl,2002-07-08,2024-09-16,2028-04-16,IT,38481,Below
237,Daniel,coleman ,,Male,16 Jan 1933,2021-02-15,2022-07-28,Customer Service,81405,Below
238, Veronica,Howard,22,Woman,02 Nov 2023,2024-01-03,2027-05-09,Finance,123158,4
239,Morgan,Fuentes,50,Decline to comment,05 Nov 1931,2024-03-09,2024-06-28,Marketing,195418,Below
240,William,fernandez ,64,F,17 Aug 1962,2022-04-09,2024-12-27,Customer Service,34215,Needs Improvement
241, Brandon,Anderson,41,M,01 Jan 1957,2021-11-02,2024-04-10,Engineering,100140,Below
242, Caleb,Miller,66,Decline to comment,1955-05-06,2023-02-18,2024-04-03,Operations,51758,1
243,,Leonard Frank,35,M,13 Jan 1993,2021-06-16,2021-10-16,Marketing,84736,Outstanding
244,Jason,Ramos,57,Boy,22 Jun 1944,2023-10-24,2026-12-15,Engineering,131776,1
245,Christopher,Rose,67,Female,03 Sep 1985,2021-05-24,2022-01-08,IT,140037,5
246,Matthew,Horton,64,Girl,31 Dec 1951,2021-09-30,2024-11-04,Sales,139707,3
247,David,Smith,51,F,,2024-05-03,2025-04-29,Marketing,166968,Meets
248,Douglas,Carson,23,Girl,28 Jan 1936,2020-04-15,2021-07-10,Finance,106492,3
249,Travis,Yates,63,M,1977-10-29,2021-11-19,2022-06-12,Customer Service,76625,1
250, Caleb,Thompson,35,Man,1990-09-26,2021-03-19,2024-12-20,Sales,120416,5
251,Eugene,acosta ,34,M,20 Sep 1912,2022-11-03,2024-08-02,Engineering,141971,4
252,Brandon, dorsey,40,Woman,17 Jun 2018,2020-04-07,2020-07-29,Marketing,149728,Below
253, Courtney,Clark,69,F,1908-12-18,2021-06-28,2024-02-19,HR,52518,5
254,Jesse,Torres,,Decline to comment,28 Nov 1920,2020-02-21,2021-07-30,Sales,120691,1
255,christie ,Jackson,,Female,12 Feb 1911,2020-05-29,2021-07-02,Engineering,191062,5
256,Miguel Laura,,23,Decline to comment,1950-12-13,2024-06-09,2025-08-13,HR,186910,Exceeds
257,Samantha,Luna,47,Man,04 Jun 1937,2024-04-13,2027-11-20,I,82386,Meets
258,Sherri,Harding,49,N/A,23 Oct 1945,2021-10-28,2022-11-03,Sales,115156,4
259,April,Willis,35,M,1918-07-15,2022-04-28,2023-06-16,Sales,38459,1
260,,Smith Krause,47,Boy,1985-07-29,2024-01-14,2024-12-11,HR,57160,1
261,Deborah,Ramirez,57,Decline to comment,19 Mar 1923,2022-04-20,2025-11-30,Marketing,116599,Exceeds
262,Natalie,Rivers,26,N/A,2014-06-10,2024-09-10,2028-08-07,Finance,32026,Below
263,David,fisher ,50,Male,1923-02-10,2022-10-05,2023-08-24,Finance,69744,Exceeds
264, Nicole,Tucker,,N/A,1959-05-06,2022-06-10,2024-06-07,IT,51411,1
265,Hannah,Castillo,,Girl,16 Sep 1989,2022-10-03,2024-02-01,Finance,162053,Outstanding
266,Joanne,johnson ,51,M,1990-05-04,2020-07-01,2021-04-28,Sales,65052,Exceeds
267,Adam,morales ,,Boy,1913-08-15,2020-08-01,2022-09-21,Marketing,30446,Outstanding
268,Karen,Gallagher,26,Boy,04 Jun 1982,2022-05-16,2023-12-27,Marketing,13838,Meets
269,Sherry, hicks,69,Male,2007-10-21,2022-03-19,2022-06-02,IT,63980,Meets
270,James,Rodriguez,24,Woman,,2024-06-24,2027-12-24,Finance,103748,Outstanding
271,gary ,Mcdowell,67,Boy,18 Feb 1955,2021-12-10,2024-04-13,Marketing,62198,1
272,Kimberly, wheeler,42,F,1939-10-27,2023-11-26,2027-06-15,HR,165147,Below
273,Desiree,Wright,32,Boy,01 Nov 2008,2022-04-12,2025-05-08,Engineering,129916,1
274,Victor,Cooper,42,N/A,24 Oct 1926,2021-10-02,2025-01-14,Engineering,175830,1
275,logan ,Floyd,33,N/A,1913-10-01,2021-11-17,2022-09-25,IT,146452,1
276,Maria,Todd,41,M,14 Sep 1978,2023-04-07,2025-11-22,Customer Service,113778,Needs Improvement
277,Gerald, weber,44,N/A,1952-11-22,2021-05-22,2023-07-23,Finance,45328,2
278,Kathy,Williams,25,N/A,2011-06-26,2022-08-30,2025-05-24,Engineering,57197,Outstanding
279, Susan,johnson ,54,Boy,1951-11-06,2022-11-16,2025-02-19,Finance,88175,Exceeds
280,Sean,Mason,24,Decline to comment,2001-01-09,2023-04-20,2026-07-18,Customer Service,128901,Exceeds
281,Victor,Parker,27,M,07 Jun 1920,2022-03-11,2025-03-28,Marketing,122811,Exceeds
282,adam ,Brown,55,Decline to comment,11 Feb 1930,2021-03-11,2023-07-07,IT,106308,2
283, Steven,Haney,34,M,1958-06-22,2020-06-01,2020-10-24,Financ,166968,1
284,Sheryl,Mcdaniel,60,Man,2019-07-19,2022-09-28,2023-04-11,Finance,170049,Exceeds
285,Angela,Sullivan,37,Man,07 Nov 1956,2020-04-06,2021-07-09,Engineering,143251,Outstanding
286,madison ,Bridges,18,N/A,05 Oct 1975,2023-03-23,2023-11-17,IT,183348,5
287,Cynthia,murray ,,Decline to comment,2013-03-01,2020-02-12,2022-05-07,HR,148300,1
288,Joanna,Vega,51,Man,19 Sep 2019,2023-07-23,2024-11-22,IT,157521,2
289,Tamara,Jackson,22,Decline to comment,23 Jun 2022,2021-09-02,2025-02-07,Finance,161379,2
290,,Bullock Smith,,N/A,1991-12-07,2023-07-17,2023-12-20,Finance,172469,3
291,Elizabeth, smith,70,Male,20 Mar 1936,2020-02-12,2021-09-03,Operations,4237,Exceeds
292,William,Ward,31,Woman,25 Oct 1923,2022-11-12,2025-08-29,IT,66387,Meets
293,Todd,Wilson,55,Decline to comment,14 Aug 2007,2022-10-16,2025-10-28,Finance,174024,Needs Improvement
294,Traci,Barnett,61,Woman,1987-06-20,2024-04-18,2026-04-24,Customer Service,107065,4
295,Jonathan,Bell,35,Decline to comment,2021-04-04,2021-06-08,2024-05-05,Finance,66488,Meets
296,,Vargas Schroeder,66,Female,16 Feb 1992,2022-02-11,2023-10-31,Marketing,111532,3
297,David,Myers,53,Woman,30 Aug 2017,2021-09-18,2022-09-12,IT,129405,1
298,Olivia,Rowland,30,M,29 Oct 1967,2023-11-22,2026-06-06,IT,127012,5
299,Brittany,green ,66,M,1953-09-11,2022-09-26,2024-02-18,Customer Service,195264,Outstanding
300,nancy ,Clayton,41,Boy,,2024-11-14,2026-10-13,IT,134910,Needs Improvement
301,Danielle, ward,25,Girl,1915-12-12,2023-11-30,2024-04-06,Sales,104225,Outstanding
302,Mark,Cross,38,Girl,04 Apr 1930,2024-03-29,2024-05-26,Sales,122113,Outstanding
303, Jerry,Love,,F,16 Mar 1989,2021-06-23,2021-10-23,HR,76522,3
304,Brian,Patterson,31,Boy,2011-08-20,2023-10-28,2026-02-10,Marketing,137736,5
305,John,George,70,Decline to comment,,2024-09-24,2028-06-03,Customer Service,45438,5
306,Daniel,May,33,F,12 Mar 1935,2022-04-27,2024-01-25,Finance,125743,Exceeds
307,Kelly,Myers,36,N/A,23 Dec 2002,2023-11-22,2027-04-07,IT,173238,Below
308,Victor,solis ,32,M,2011-09-12,2023-04-19,2025-06-16,Sales,173521,4
309,,Pope Gibson,67,Female,07 Jul 1947,2021-04-29,2021-08-22,Engineering,51153,4
310,,Faulkner Holt,57,Woman,22 Sep 1922,2022-10-18,2023-02-24,Customer Service,93818,3
311, Thomas,Gonzalez,25,Boy,07 Aug 1934,2021-03-05,2022-06-21,HR,97771,Needs Improvement
312,Daniel,Burton,22,Woman,08 Aug 1963,2020-02-13,2022-01-22,Engineering,94282,Exceeds
313,Lori,Williams,40,M,1917-12-12,2022-09-14,2024-08-12,Finance,40076,2
314,Paula,King,42,Male,1974-06-28,2021-08-20,2022-10-17,Marketing,9069,Below
315,William,Bailey,42,Decline to comment,1915-04-19,2021-04-20,2024-10-28,Sales,51430,1
316,David, adams,48,Male,16 Mar 2005,2021-03-23,2023-06-06,Operations,135108,Below
317,Jerry,bradley ,53,Boy,1910-09-02,2023-05-15,2024-05-08,IT,149742,1
318, Julie,Koch,58,M,1950-10-20,2020-10-03,2021-06-02,Customer Servic,50920,3
319,Gregory, murphy,27,M,,2023-07-07,2026-11-09,Sale,135903,3
320,Joe, white,51,Woman,16 Jul 1975,2023-12-13,2027-05-10,HR,101002,4
321,William,Bell,,N/A,17 Mar 2024,2020-06-04,2022-03-18,HR,92233,Exceeds
322,dorothy , williams,38,N/A,1914-01-15,2023-07-11,2026-10-01,Finance,186965,Exceeds
323,Jack,Bryant,43,F,1922-08-21,2020-04-05,2021-08-03,IT,51676,3
324,Johnny,Hughes,41,Woman,1927-08-09,2022-02-25,2025-11-01,Customer Service,135838,Meets
325,,Gonzalez Hill,57,N/A,1942-07-10,2021-06-14,2023-10-15,IT,113928,1
326,crystal ,allen ,53,F,22 Mar 1976,2021-06-21,2023-11-19,Sales,45015,5
327,Michael Bryce,,53,F,,2024-12-04,2026-02-11,Operations,158052,Meets
328,Robert,Butler,24,N/A,17 Apr 1986,2022-06-06,2025-10-28,Marketing,52517,5
329,Thomas,King,60,Girl,2023-05-11,2021-03-11,2024-12-22,IT,151302,3
330,Daniel,Mcguire,65,Girl,05 Jun 2002,2021-11-07,2022-01-24,Engineering,4199,Needs Improvement
331,Michael, knox,69,Decline to comment,19 Aug 2010,2023-06-15,2025-11-10,Finance,123819,1
332,Ashley,Wilson,42,N/A,,2022-07-13,2025-05-10,Sales,65164,1
333,Tracy, kim,63,Decline to comment,05 Sep 1919,2023-11-29,2026-08-11,Operations,110214,Below
334,Janet,Johnson,52,F,24 Jan 1998,2020-10-12,2022-06-14,H,83361,Meets
335,Jasmine, baldwin,41,M,1992-06-22,2021-07-30,2023-07-09,IT,68080,4
336,Jennifer,Mcguire,30,Decline to comment,1911-01-05,2022-04-13,2023-06-25,Marketing,166560,Below
337,Matthew,Johnston,,Male,22 May 1913,2021-07-04,2022-05-02,Customer Service,104281,Exceeds
338,Anthony,Dillon,34,Woman,03 Sep 1972,2023-04-15,2026-09-10,Sale,14828,4
339,Veronica,Moran,27,Girl,1937-04-02,2021-12-17,2024-04-27,IT,130085,5
340,Tyler,Bray,18,Male,1959-01-15,2020-03-13,2020-06-13,Financ,63592,3
341,John,Mullen,44,Girl,1984-05-12,2023-07-24,2025-07-06,Marketing,155120,2
342,Charles,hodges ,22,Girl,04 Mar 1937,2023-02-24,2025-10-28,Marketing,176789,1
343,Christopher,Davis,45,Male,1941-03-08,2022-07-10,2024-10-04,HR,124125,2
344,,Barnes Johnson,67,F,17 Jun 1981,2022-12-04,2025-06-02,Marketing,38709,Exceeds
345,Timothy,Valdez,61,Boy,,2022-07-07,2025-09-26,Sales,51870,Meets
346,Kevin,Freeman,,Woman,01 Mar 1966,2024-07-18,2028-04-23,Operations,190926,1
347,Christina,Wyatt,28,Boy,28 Dec 2001,2023-11-17,2026-03-12,Financ,67212,Meets
348,Victor,Pham,26,Male,02 Feb 1932,2023-01-16,2025-09-12,Operations,40785,4
349,james ,Lee,63,Man,1978-08-21,2022-09-16,2025-12-14,IT,82582,Below
350,Robert,mcmahon ,,Female,13 Apr 1999,2020-08-01,2023-10-05,Engineering,125649,4
351,Kristin,Lowe,25,N/A,01 Aug 2015,2022-11-20,2024-08-08,IT,72046,Needs Improvement
352,mitchell ,orr ,64,M,1948-07-08,2022-12-02,2025-10-21,Customer Service,83104,2
353,Kevin,Harrell,30,Boy,1939-04-19,2023-06-06,2025-08-17,Engineering,171199,5
354,Thomas,Smith,,F,12 Apr 1960,2021-09-28,2025-01-05,Finance,2521,3
355,Wendy,Clarke,21,Boy,1962-01-22,2021-05-23,2023-08-19,engineeringing,173084,Exceeds
356, Christopher, duran,,F,1914-01-01,2023-03-07,2026-11-11,Sales,68491,Below
357,Jason,Reese,57,Girl,1950-01-21,2020-01-14,2023-10-14,IT,143549,Needs Improvement
358,Michael,Harris,45,Male,1920-10-14,2021-01-06,2023-09-13,Customer Service,50952,Outstanding
359,Amy,Edwards,36,F,1923-07-09,2022-03-04,2024-06-23,Engineering,32405,Meets
360,Nicholas,Garcia,57,Female,27 Oct 2019,2023-12-07,2026-11-29,IT,6417,Needs Improvement
361,Vincent,Monroe,61,N/A,,2024-11-06,2025-10-25,Marketing,120926,5
362, Manuel,Torres,,Man,23 Apr 2013,2021-10-05,2024-07-05,Operations,5536,Outstanding
363,Dakota,Taylor,50,Female,27 Jan 1918,2023-03-16,2024-03-24,Operations,125050,Exceeds
364,Madeline,Sellers,38,M,1940-11-11,2021-06-22,2024-05-25,IT,48447,4
365,Kayla,Phillips,32,F,,2022-07-28,2024-05-09,Customer Service,193284,Meets
366,Andrew,Chen,50,Boy,,2023-11-21,2025-10-22,Engineering,87606,Below
367, Jonathan, tran,29,N/A,14 Aug 2021,2023-08-08,2027-08-03,Finance,16497,Outstanding
368,tiffany ,Obrien,,M,1928-01-06,2021-05-09,2023-06-28,Engineering,130692,Meets
369,Laura,Williams,26,Man,,2020-03-25,2023-04-04,Finance,194325,4
370,Cole,Glover,19,F,15 Aug 1931,2022-05-21,2023-02-12,IT,165978,1
371,Bryan,Lopez,61,Boy,2016-12-12,2020-12-14,2024-08-31,Engineering,33705,Needs Improvement
372, Natalie, murillo,30,Boy,2009-05-03,2024-04-19,2027-11-19,Sales,56406,3
373,James,jimenez ,52,Decline to comment,16 Dec 1947,2024-01-04,2025-10-04,IT,166935,3
374,Katelyn,Cox,21,Girl,11 Dec 2020,2023-11-04,2024-05-21,Operations,53993,Exceeds
375,Robert,Hill,49,Male,11 Jun 1978,2020-01-28,2023-03-03,Operations,139692,Below
376,Jennifer, roberts,55,Male,2015-03-25,2024-02-05,2027-03-16,Marketing,156079,5
377,monica ,Livingston,,Boy,2014-08-20,2024-05-09,2027-11-06,Operations,72391,Below
378,,Reilly Stephens,41,Decline to comment,1910-06-30,2023-09-17,2027-02-07,Marketing,132732,Needs Improvement
379,Dustin,Wang,30,Decline to comment,08 Sep 1986,2022-09-26,2025-08-03,Engineering,55902,Meets
380,David,Howell,31,F,,2023-05-22,2023-07-24,Operations,110179,Outstanding
381,Gail, valdez,24,Girl,1908-10-01,2021-12-13,2023-03-22,Marketing,134653,Outstanding
382,Sheila,Perez,19,Decline to comment,2004-10-25,2022-08-13,2025-12-04,Finance,107643,5
383,Amy,miller ,41,Boy,08 Jun 1920,2022-02-20,2025-08-22,Operations,175029,2
384,Daniel, patterson,29,Girl,21 Feb 1963,2022-05-26,2023-10-16,IT,69957,Needs Improvement
385,Karen,Collins,36,Woman,12 Sep 1941,2022-04-05,2024-04-25,H,31216,Meets
386,Kyle, reynolds,47,Male,17 Dec 1941,2024-07-18,2025-05-09,Sales,179071,Meets
387,Calvin,Jordan,44,Woman,1973-05-10,2021-07-10,2024-05-01,IT,161223,Outstanding
388,lindsay ,Thompson,56,Male,,2022-05-27,2023-09-01,Operations,122265,Below
389,Debra,Mckay,,Decline to comment,28 Dec 1957,2021-07-01,2021-11-30,Sales,175230,Outstanding
390,Barbara,Henderson,,Boy,28 Sep 1985,2022-12-08,2024-03-05,Operations,92397,Meets
391,Lauren,Gardner,45,Man,12 Dec 1933,2020-03-29,2021-05-15,engineeringing,9985,1
392,Jeffery,lawson ,58,N/A,21 Sep 2006,2022-09-30,2026-02-19,Marketing,12738,Outstanding
393,Darren,Anthony,62,Man,07 Feb 1969,2021-10-03,2024-03-01,Sales,165157,Needs Improvement
394, Jason,Barrett,24,M,,2024-03-30,2024-05-14,IT,16112,1
395,Harry,Hart,18,Girl,1924-03-04,2023-05-29,2024-01-30,Operations,99676,1
396,Tanya,Gardner,18,Male,29 May 1933,2024-07-06,2027-07-16,HR,40814,4
397,Gary,Hall,21,F,,2020-10-01,2023-12-03,Operations,122462,2
398,Megan,Mendez,47,Decline to comment,,2021-08-26,2022-06-25,IT,112965,Below
399,James,patton ,58,M,18 May 1969,2022-09-17,2025-12-27,Engineering,163027,Meets
400,Breanna,Grant,59,Woman,12 Sep 1999,2023-04-17,2025-06-25,Financ,156047,Below
401, Crystal,Chen,50,N/A,1962-09-24,2023-10-25,2024-03-07,IT,127796,3
402,Christopher,myers ,46,Decline to comment,18 Jul 1943,2021-03-23,2023-01-15,Sales,193684,3
403,Sarah,Washington,44,Female,1932-07-31,2020-01-19,2022-11-20,HR,78886,Outstanding
404,Craig,Dudley,63,Boy,1954-09-08,2022-05-06,2024-12-11,Customer Servic,128623,1
405,Julie,Gibson,43,Girl,25 Aug 1986,2020-03-29,2023-01-29,Marketing,40930,2
406,Tina,Benson,62,Girl,25 Feb 1910,2024-07-24,2025-01-31,IT,185699,1
407,Robert,Allen,62,Boy,16 Apr 1926,2021-07-18,2023-05-08,IT,73109,3
408,Thomas,davis ,66,Male,,2023-05-25,2025-06-05,IT,132267,Meets
409,Amanda,Ruiz,53,Decline to comment,2014-01-23,2024-05-31,2027-05-03,Marketing,139173,1
410,Ricardo,Johnston,50,Woman,2006-10-06,2020-03-11,2022-05-24,Marketing,145817,Below
411,Michael,Garner,,Male,22 Nov 1937,2022-07-20,2023-03-29,IT,59518,4
412,James,Johnson,22,F,12 Jul 2005,2022-10-12,2025-09-26,HR,93992,Meets
413,amanda ,Allen,62,Man,2011-12-24,2024-06-19,2027-04-02,Finance,103772,1
414,Denise Gerald,,43,Man,,2024-06-27,2025-12-29,Operations,161842,1
415,Angela,lam ,39,Woman,,2024-11-19,2028-05-12,Operation,109774,Exceeds
416,Gina,Bonilla,22,Woman,1916-10-18,2021-05-27,2021-11-01,Customer Service,137832,Meets
417,Tyler,Cordova,29,Boy,,2021-11-15,2023-09-24,Engineering,31919,Needs Improvement
418,madison ,Roberson,58,Man,1954-03-30,2021-01-28,2024-02-11,Operation,191084,Below
419,Tiffany,Garrett,27,Boy,17 Dec 2012,2022-05-18,2023-12-10,Operations,13472,3
420,,Knox Anderson,35,Man,25 Sep 1995,2023-09-27,2025-07-08,HR,163150,3
421,Rebecca,Thomas,52,Female,1914-04-13,2021-08-11,2023-07-07,Customer Service,64730,4
422,Matthew,Lewis,41,Man,1989-01-29,2023-07-05,2024-08-13,IT,55115,3
423,John, johnson,43,Female,30 Dec 1982,2020-07-28,2024-06-16,Operations,100040,Outstanding
424,David,Silva,52,Girl,13 Oct 1919,2020-03-02,2020-04-20,Finance,35262,3
425,William,Yang,64,M,1908-11-25,2024-05-08,2025-04-16,Sales,84235,Exceeds
426,Donald,Hill,59,M,1989-09-13,2020-05-25,2023-12-09,Operations,132242,1
427,Michael,Benson,45,Decline to comment,26 Oct 2023,2020-12-06,2024-01-21,Customer Service,159856,1
428,,Rodgers Curtis,51,Boy,12 Jun 1999,2022-04-11,2023-05-09,Finance,151195,2
429,Jason Ryan,,19,Man,16 Dec 1913,2022-03-09,2024-06-19,HR,121297,5
430,Kayla,Reese,22,F,1917-12-15,2022-10-23,2025-07-19,Engineering,121264,Exceeds
431,Kristin,Diaz,57,Boy,1954-03-18,2021-12-02,2025-05-15,IT,177049,Meets
432,Mark,Jones,23,Girl,2021-02-16,2024-03-12,2025-09-18,Operations,105387,Below
433,,Holland Brown,46,Decline to comment,,2020-04-17,2020-09-22,Finance,66156,Exceeds
434,Destiny,Davis,20,Girl,,2020-05-12,2020-09-26,Customer Service,95422,Outstanding
435,John,Reese,52,Boy,1941-06-02,2024-12-15,2028-08-07,Marketing,107269,3
436,Christopher,Jones,44,Man,,2022-03-12,2025-12-27,Marketing,41909,3
437,Tommy,Arnold,23,N/A,1949-05-19,2024-01-17,2025-08-23,HR,12759,4
438, Linda,Johnson,28,Man,1961-10-13,2020-04-11,2020-11-12,Operation,58066,1
439,Vicki,Oneill,22,M,1912-07-05,2024-05-15,2027-01-30,Operations,137480,4
440,James,Booker,61,F,,2023-04-16,2026-02-22,Sales,141049,Below
441,Stacy,Clark,43,Male,,2024-08-21,2026-06-16,Customer Service,30887,2
442, Michael,Clarke,24,F,15 Jul 1939,2020-04-29,2021-05-09,Operations,3057,Exceeds
443,Wanda,Scott,46,Male,,2020-09-02,2024-05-12,IT,6575,Below
444,janice ,Walls,33,Male,04 Aug 1916,2021-09-26,2023-03-19,Engineering,15004,Meets
445,,Vargas Carlson,56,Boy,24 Dec 2020,2023-05-05,2024-04-16,Operations,58160,Exceeds
446,jasmine ,Walker,64,Woman,1983-09-09,2021-10-31,2022-02-22,HR,135386,Meets
447,,Ford Smith,37,Man,1967-09-10,2020-07-23,2021-01-01,Operations,189493,Needs Improvement
448, Shane,Simpson,33,Female,19 Mar 1968,2022-10-16,2024-04-23,Sales,158719,3
449,James,Matthews,53,Girl,2018-05-29,2021-07-26,2022-09-03,Sales,56214,Outstanding
450,Joseph,Huang,19,Female,1994-01-24,2020-10-03,2024-03-24,IT,74571,3
451,Tyler,Yu,34,Decline to comment,,2023-07-23,2026-11-12,Customer Service,198119,Outstanding
452,John Ashley,,68,N/A,2017-07-21,2021-04-17,2023-08-26,Finance,69947,3
453,Juan,lewis ,31,F,11 Mar 1977,2024-07-16,2024-12-22,Operations,111765,Outstanding
454,Margaret,Salazar,18,Boy,04 Nov 1954,2020-11-29,2024-08-10,IT,127176,5
455, Carolyn,Benjamin,23,M,2007-02-22,2021-11-13,2022-05-23,Engineering,85927,Meets
456,Shirley,Byrd,61,Woman,1964-04-07,2021-04-27,2023-09-21,H,137932,2
457,Alyssa,Cox,26,Boy,1952-03-03,2022-07-13,2023-03-10,I,55521,Needs Improvement
458,Andrew,Gardner,55,Male,1922-08-06,2020-03-09,2022-03-20,IT,148776,2
459,matthew ,Nelson,47,Woman,15 Mar 1976,2022-06-13,2023-04-23,Customer Service,85807,5
460,Cassandra,Smith,44,Woman,1955-05-20,2021-04-10,2022-03-13,Engineering,137111,5
461,Paul,Adkins,59,F,,2022-05-04,2024-07-13,Engineering,60854,Meets
462,Anna,Rodriguez,47,Female,2013-04-01,2020-10-27,2021-08-02,Sale,175179,Meets
463,Paul,Williams,41,Girl,25 May 1948,2023-06-15,2023-12-11,HR,38363,5
464,Elizabeth,Little,60,Woman,30 Sep 1939,2021-10-29,2023-03-04,Operations,158740,1
465,Natalie,Jones,59,Female,2021-11-26,2023-06-12,2024-01-13,Operation,50721,Exceeds
466,Austin,Stanley,58,Male,1912-11-14,2024-06-03,2028-04-10,Customer Service,136051,4
467,Deborah,Morton,,M,1940-06-24,2020-01-13,2023-10-20,Finance,163985,4
468,,Lopez Jones,,N/A,,2020-06-17,2022-07-26,Sales,139230,Below
469,charles ,Lindsey,29,Man,06 Nov 1991,2020-01-25,2022-03-07,HR,37582,Below
470,Michelle,Thompson,62,Female,1926-03-10,2022-09-02,2025-08-22,HR,71144,Below
471,Sharon,Johnson,45,Boy,,2020-08-02,2022-05-14,IT,87302,Below
472,Christopher,Farrell,37,N/A,14 Aug 1915,2023-01-31,2023-10-18,HR,46469,2
473,Michael Deborah,,68,Decline to comment,1953-10-01,2020-03-21,2021-04-18,Sales,13839,5
474,Sara,Harper,40,M,29 Jun 1953,2023-03-12,2024-01-04,Engineering,136235,Meets
475,Deanna,martinez ,25,Girl,23 Oct 1965,2021-11-20,2023-06-21,Customer Service,184360,Exceeds
476,Ronald,Clark,44,N/A,1986-04-24,2020-08-03,2023-11-27,Operations,139474,Below
477,shawn ,Williams,,Decline to comment,,2021-12-12,2025-05-10,Marketing,68248,5
478,Melissa,Swanson,35,Woman,30 Jun 2009,2023-05-25,2027-03-05,Operations,189505,5
479,Angelica,Jones,66,Girl,03 Apr 2002,2022-08-29,2023-01-27,Finance,118853,4
480,Craig,Ochoa,21,F,27 May 1986,2020-08-29,2020-10-30,HR,96653,3
481, Angela,Cross,24,Man,27 Oct 2007,2020-10-06,2022-09-02,Sales,149326,Meets
482,Walter,Reed,48,N/A,,2021-05-11,2022-11-05,Customer Service,73481,5
483,Anthony,Robinson,43,M,1995-03-28,2022-01-02,2022-05-22,Customer Service,156135,Meets
484,jacqueline ,brown ,24,M,1978-09-20,2023-01-26,2024-12-05,Operations,73022,Outstanding
485, Melissa,Oneill,47,Woman,1964-05-23,2023-11-29,2026-11-13,I,144212,2
486,Tiffany,James,42,N/A,1979-04-19,2020-05-06,2022-07-30,Engineering,38816,5
487,Hannah, kramer,48,M,1908-12-04,2020-08-10,2023-08-29,IT,155247,Outstanding
488,Yvonne,barber ,33,Woman,02 Dec 1958,2021-03-22,2024-01-09,Marketing,115343,3
489,Jerry,Jenkins,56,Male,27 Sep 1945,2023-12-20,2026-02-14,Finance,157029,3
490,Valerie,cowan ,,Woman,1913-07-03,2022-07-11,2024-01-01,Customer Service,162189,5
491, Lindsey, ferrell,27,Woman,04 Jun 2002,2021-12-24,2023-08-15,Operation,97976,Meets
492,Corey,Lopez,,Boy,11 Oct 1943,2020-02-18,2023-07-07,H,8880,Outstanding
493,Nancy,dominguez ,67,F,10 Oct 1927,2022-04-19,2024-10-13,Marketing,11606,2
494,Patrick,Salazar,70,M,2022-01-11,2021-08-04,2022-05-29,IT,183081,5
495,Robert,Martin,42,Boy,2024-04-07,2024-05-23,2024-11-14,Finance,60918,2
496,Evan,Burnett,21,Girl,1945-09-13,2024-01-01,2027-02-10,HR,167725,3
497,Michael,Williams,44,Boy,1915-01-28,2020-08-30,2023-09-26,Marketing,156569,4
498,matthew ,thomas ,66,Boy,07 Mar 1922,2021-10-18,2022-02-03,Sales,149943,Needs Improvement
499,Sergio,Beck,31,Female,,2023-12-20,2026-11-02,HR,157417,Below
500,James,Andersen,,Boy,20 Aug 1978,2021-05-04,2024-07-13,Marketing,171914,Below
501,Kathy,Johnson,32,Female,2014-09-23,2023-08-06,2024-11-13,I,145448,5
502,Robert,Griffin,48,Woman,,2021-03-16,2023-07-02,Finance,53795,1
503,Manuel,Johnson,67,M,28 Jan 2018,2021-05-04,2023-12-14,HR,194293,3
504,Shelby,king ,53,Man,17 Aug 1944,2024-04-13,2025-11-23,Finance,69912,4
505,Kara,Hendricks,38,F,1959-04-16,2024-04-17,2025-12-15,Customer Service,131427,4
506,Carlos, martin,30,Decline to comment,1963-03-02,2024-08-11,2027-08-22,Sales,192887,4
507,Alexander,Jacobs,47,Boy,1991-12-23,2020-03-19,2022-08-22,Engineering,68617,2
508,Robert Daniel,,35,Woman,07 Jun 1947,2022-06-18,2023-06-22,Finance,12071,Meets
509,Allison,Donovan,44,M,1953-03-25,2020-11-24,2021-01-30,Customer Service,60060,Below
510,Shari,Sanchez,70,Man,14 Nov 1978,2021-07-25,2022-07-18,Finance,41698,Meets
511,Robert,shields ,29,F,1988-11-30,2020-02-04,2020-11-30,Finance,58589,Needs Improvement
512,samantha , payne,58,Girl,1970-08-02,2021-03-12,2021-04-14,HR,39306,Below
513,Laura,Taylor,28,M,1974-05-29,2021-09-22,2024-03-26,HR,84757,5
514,Elizabeth,Rowland,56,Woman,16 Aug 1971,2024-08-14,2027-11-14,IT,125042,4
515,John,Rodriguez,,Woman,2010-07-02,2023-09-19,2026-01-26,Engineering,99403,1
516,Courtney,Wright,22,N/A,2016-09-16,2020-02-24,2020-06-24,HR,113530,Meets
517,Emily,Gonzalez,30,Boy,19 Feb 1930,2023-03-05,2024-04-01,Marketing,198840,1
518,Michael,Calderon,32,Woman,2011-01-27,2024-11-21,2028-11-05,Finance,154093,3
519,,Mack Hall,66,F,1980-11-10,2022-01-26,2025-06-27,Operations,120725,2
520,Sarah,Porter,28,Boy,1943-04-17,2020-06-02,2024-01-19,Finance,161207,4
521,bradley , smith,20,Decline to comment,05 Jan 2000,2020-10-28,2024-03-16,HR,37658,Meets
522,Anthony,Armstrong,22,Male,12 Jan 1989,2024-01-11,2025-02-17,Sales,94302,Below
523,James,Moore,33,Woman,1987-05-04,2022-03-19,2022-05-08,Finance,60744,3
524,douglas ,Li,40,Boy,1961-05-29,2022-02-08,2023-02-24,Finance,125629,5
525,Jon,Pearson,38,M,19 Dec 1963,2021-02-20,2021-06-10,IT,33656,Exceeds
526,,Stark Pitts,,Man,21 Jan 1921,2023-07-26,2027-05-10,IT,2656,Exceeds
527,jason ,Newman,40,Girl,2014-04-10,2024-10-27,2025-10-15,Engineering,145109,Exceeds
528, Lee,Peck,18,F,1937-03-29,2020-11-16,2023-05-08,Customer Service,193440,3
529,Justin,Castro,,Woman,30 Nov 1917,2021-07-08,2022-10-31,Marketing,140756,2
530,,Jenkins Vaughn,22,Girl,1908-10-18,2024-04-09,2028-01-07,Sales,181148,2
531,robert ,Gallagher,47,Female,04 Sep 2011,2024-01-31,2025-04-27,HR,45632,1
532,Joan,Moore,28,N/A,19 Sep 1958,2022-12-25,2025-02-25,Finance,4935,Meets
533,megan ,Mayo,44,Boy,14 May 1920,2024-06-04,2026-09-18,Customer Service,168064,2
534,Michael,colon ,60,Female,,2020-09-15,2021-03-02,Engineering,6876,1
535,david ,Carlson,33,Man,22 Feb 1985,2023-09-09,2025-10-13,Operations,165237,2
536,Melissa,Noble,70,Female,2016-02-10,2023-01-31,2026-07-17,HR,174889,3
537,Scott,Smith,,Man,,2020-07-11,2023-03-04,HR,176518,1
538,Kevin,reeves ,32,Woman,05 Feb 1987,2021-02-03,2023-10-16,Finance,150995,1
539,Susan,Johnson,53,N/A,2014-10-22,2021-09-14,2021-10-15,IT,10995,1
540,Emma,Sullivan,,Woman,1928-03-03,2022-05-28,2026-03-22,Operation,36720,3
541,Mark,Bass,50,Woman,28 Jan 1981,2023-03-08,2023-04-30,Engineering,45418,Needs Improvement
542,Tracy,Sanchez,66,M,17 Mar 1919,2023-04-11,2025-08-14,IT,5597,2
543, Theresa, smith,40,Male,2015-08-24,2022-12-12,2025-03-01,Sales,70035,2
544,Shari,Gilbert,29,Boy,1998-04-16,2024-07-19,2026-09-02,Financ,12254,1
545,Roy,Payne,52,Decline to comment,19 Sep 1971,2023-03-19,2025-03-06,Marketing,173434,Outstanding
546, Tina,Green,,Girl,16 Oct 1978,2020-03-18,2022-11-03,Engineering,166151,Meets
547,Brooke,Donaldson,30,Man,1964-11-23,2022-12-13,2025-10-22,Operations,199233,Meets
548,Amy Joe,,70,F,1997-05-03,2024-05-30,2026-04-04,Marketing,39072,1
549,Robert,pace ,48,Girl,13 Nov 1942,2021-08-23,2024-01-26,Operations,186723,Meets
550,Kenneth, green,,N/A,1923-05-26,2021-03-20,2023-07-26,Operations,44099,Meets
551,Andre,Rush,,Boy,1948-11-25,2020-06-13,2023-01-03,Finance,115084,Needs Improvement
552,lauren ,Fuentes,28,Boy,29 Apr 1980,2022-12-29,2024-09-08,IT,57517,Exceeds
553,Tammy, blackwell,69,F,1942-02-20,2024-06-27,2025-12-25,Engineering,166098,Meets
554,John,Butler,,M,02 Jul 2013,2020-01-17,2023-01-10,Finance,99352,Below
555,Billy,gonzalez ,70,Male,1945-12-01,2020-12-29,2022-12-25,Operations,150790,Meets
556,Matthew,Durham,54,Decline to comment,10 Nov 1960,2022-05-21,2023-03-28,HR,137827,Needs Improvement
557,Francisco,Williamson,56,F,08 Aug 1933,2021-07-20,2025-03-01,IT,106359,3
558,Jill,Compton,,Boy,1921-10-17,2024-06-16,2027-08-04,HR,123606,Needs Improvement
559,Jason,Serrano,45,Male,1922-09-16,2022-10-01,2023-10-09,Sales,154009,Outstanding
560,Amy,Hartman,19,N/A,23 Apr 2024,2022-04-25,2026-04-01,Sales,67737,Needs Improvement
561,Thomas,Hays,36,Female,2007-08-04,2022-04-26,2024-11-26,IT,15403,Meets
562,Kevin,Hernandez,53,Girl,1925-06-27,2021-08-01,2023-11-08,Marketing,121912,5
563,Courtney,Parker,34,Girl,19 Aug 1948,2020-10-30,2022-05-08,Marketing,194436,Outstanding
564,Erica,Harris,57,F,1928-02-10,2022-04-17,2023-05-23,Finance,57242,4
565,Brittney,White,47,M,,2024-01-04,2024-03-09,HR,150642,Below
566,Dalton,Jimenez,53,Male,03 Jun 1935,2023-06-30,2026-12-30,Customer Service,103021,1
567, Cheryl,Lee,53,Boy,16 Jul 1980,2021-06-27,2025-02-02,IT,56479,2
568,Alyssa,Lopez,60,F,12 Oct 1940,2021-10-05,2024-10-27,Sales,6051,3
569,Barbara,Wagner,38,Girl,1974-06-27,2020-10-23,2024-01-24,HR,59186,3
570,,Brown Washington,18,N/A,1969-02-01,2024-11-10,2027-03-07,Finance,54687,5
571,christopher , stuart,28,Female,1910-10-29,2023-11-17,2027-03-04,HR,72209,Outstanding
572,Cheryl,Bowman,,F,21 Aug 1969,2021-12-11,2023-05-25,Customer Service,170650,1
573,Erin,Berg,58,F,2000-03-26,2021-06-08,2021-10-27,Engineering,105296,2
574,Kelsey,Hanson,64,F,10 Jun 1969,2024-04-13,2027-10-09,Sales,57597,5
575,Miranda,Gaines,42,Man,11 Jan 1920,2022-02-12,2025-03-14,Customer Service,30398,Needs Improvement
576,Diana,Cain,68,Boy,17 Jan 1955,2023-03-12,2025-02-10,Sales,82030,Below
577,Michelle,Kim,53,N/A,1980-01-29,2021-03-20,2022-06-15,Sales,188277,Below
578,Adam,hamilton ,,M,1969-03-31,2024-09-22,2027-11-04,Operations,165328,Exceeds
579,Brian,Young,44,Girl,2017-04-27,2022-10-18,2026-06-14,Sales,109057,4
580,Dawn,norton ,58,Girl,,2021-08-15,2025-06-07,Customer Service,106943,4
581, David,Henderson,20,F,,2024-04-06,2025-07-03,IT,91547,Outstanding
582,Mark,Smith,69,M,16 Mar 1928,2022-04-28,2024-01-08,Customer Service,133808,Needs Improvement
583,Timothy,williams ,49,N/A,,2023-01-27,2025-04-20,HR,128090,4
584,Matthew,Rodriguez,66,Woman,1921-04-28,2022-07-22,2026-06-28,Customer Service,192545,5
585,Micheal, robinson,47,M,,2020-05-07,2021-09-24,Finance,116567,Below
586,Jessica,melton ,58,M,,2020-06-03,2023-03-25,Finance,38066,5
587, Susan,huber ,41,Male,1995-05-24,2021-12-26,2023-02-15,Customer Service,102836,1
588,Michael,Cruz,27,Boy,16 Sep 2008,2020-02-28,2022-10-23,IT,84365,Outstanding
589,Kevin,Ayala,23,Decline to comment,04 Jun 2012,2021-12-04,2025-08-18,Finance,143909,2
590,Rachel,Barnes,43,N/A,1989-05-31,2023-07-30,2025-04-09,Finance,55079,Meets
591, Ricky,Rodriguez,51,Woman,19 Feb 1911,2024-07-04,2024-12-23,Engineering,2598,Meets
592, Joseph,Torres,27,Woman,31 Mar 1920,2021-05-25,2023-08-01,Customer Service,139063,3
593,Justin, willis,51,Girl,2010-10-14,2024-08-07,2025-06-17,Operations,127531,Exceeds
594,Matthew,Smith,55,Girl,09 Dec 1995,2023-09-16,2024-06-24,Operation,52300,5
595,Douglas,Cole,50,Girl,01 Jan 1935,2020-04-09,2023-11-27,Finance,89167,Exceeds
596,Greg, ellis,68,Decline to comment,1980-11-07,2023-05-22,2025-02-07,Operations,188345,Exceeds
597,Jacob,Lee,28,Decline to comment,02 Jul 1933,2024-07-05,2026-04-01,Marketing,11558,1
598,Laurie,mcconnell ,67,Woman,1975-06-23,2022-07-07,2023-05-01,Customer Service,33536,2
599,Joshua,Thomas,,F,1972-08-16,2024-06-12,2025-06-26,HR,124372,1
600,sherry , jones,33,Girl,1985-08-16,2023-12-14,2024-05-28,Engineering,137220,Below
601,Jessica Steven,,32,Woman,2024-04-12,2022-08-24,2023-10-18,Operations,54769,4
602,Jennifer,Oconnell,66,F,09 Mar 2014,2022-09-19,2025-03-23,Finance,58004,1
603,Kevin,Cole,65,F,,2024-09-11,2028-06-11,Customer Service,119594,Exceeds
604,Jeffrey, horton,53,F,05 May 1939,2020-04-30,2023-09-21,Marketing,158129,1
605,cynthia ,Gardner,53,N/A,11 Nov 1978,2020-03-13,2023-07-07,Operations,126197,4
606,,Davis Parker,46,M,22 Jul 1982,2024-12-26,2025-04-06,Engineering,42111,5
607,Mary,Carter,18,Boy,2014-05-19,2023-10-24,2026-10-21,Sale,129734,1
608,Cynthia,Sanders,45,Decline to comment,08 Jul 1908,2024-07-22,2028-05-08,Sales,99579,Below
609,Terri,Snyder,46,Woman,2005-05-15,2020-04-12,2022-05-21,Customer Service,42935,Outstanding
610,Rebecca Haley,,35,N/A,29 Dec 2019,2021-10-01,2025-05-10,HR,180262,4
611,Rhonda, olson,18,Decline to comment,2022-05-07,2024-10-29,2025-01-31,Customer Servic,74153,Outstanding
612,Kenneth,Pitts,,Decline to comment,17 Sep 1939,2023-08-15,2025-09-22,IT,4676,Meets
613,Christopher,lutz ,68,Decline to comment,05 Dec 1943,2021-09-05,2024-05-31,IT,166731,Outstanding
614,Steven,Buchanan,37,Man,15 Oct 1955,2024-11-17,2028-01-30,HR,159148,Below
615,Shawn, nelson,,F,1966-11-28,2024-06-16,2027-07-16,HR,172234,3
616,Dennis,Castillo,43,Decline to comment,1962-01-01,2020-04-27,2021-12-18,Sales,99901,5
617,jennifer ,Burnett,,Boy,24 Feb 1959,2024-04-07,2025-03-09,Engineering,88777,3
618, Michael,Haney,63,N/A,19 Apr 2022,2021-08-29,2023-04-25,Operations,106662,5
619,Tracy, ritter,37,Female,22 Nov 2011,2020-08-24,2022-01-11,H,147175,Exceeds
620,Marissa,Downs,47,F,2023-01-08,2020-11-05,2023-02-12,Engineering,73024,Outstanding
621,Anna,Horton,50,Male,10 Nov 1984,2021-07-07,2025-01-28,Customer Service,172561,Outstanding
622,Kenneth,Smith,44,M,1959-05-23,2020-04-02,2021-05-16,Sales,124217,Outstanding
623,Sabrina, bennett,47,Male,,2021-08-12,2024-11-26,HR,99023,Needs Improvement
624,James,Beard,,Male,19 Sep 1970,2022-10-27,2025-09-03,Marketing,90361,Below
625,Stephanie, carroll,,Decline to comment,,2024-04-17,2025-06-24,Finance,149487,Outstanding
626,donald ,Johnson,18,Man,04 Sep 1918,2020-04-29,2020-05-30,IT,93125,1
627,Zachary,Wood,40,M,02 Mar 2019,2021-02-28,2021-04-06,Engineering,169852,5
628,Nicolas,Garcia,18,Decline to comment,2012-07-20,2024-04-24,2026-03-06,Sale,4019,Meets
629,David,Oliver,51,Decline to comment,1923-06-03,2023-10-25,2027-02-16,Marketing,141624,2
630,Heather,Davis,23,Girl,,2023-05-13,2026-02-28,HR,74468,3
631,Bruce,Perkins,46,Female,1976-11-26,2024-08-04,2027-12-18,Engineering,47635,4
632,amanda ,Flores,51,Decline to comment,,2021-06-05,2022-12-17,Sales,143291,1
633,Madison,Pearson,68,M,,2023-07-07,2023-09-03,Sales,173165,Exceeds
634,Joshua,Hodge,,Woman,18 Aug 1940,2020-08-26,2024-08-13,Sales,180410,1
635,Kimberly,Cooper,61,N/A,,2020-06-04,2023-10-08,Operations,167350,Meets
636,Keith,Gonzalez,24,M,1910-08-18,2023-05-27,2026-10-16,I,88485,Meets
637,Emily,Vargas,37,Girl,14 Jul 1995,2022-12-10,2025-10-23,Marketing,101161,4
638,Aaron,Moore,58,Decline to comment,1923-10-13,2021-02-22,2022-01-26,Sale,100852,Exceeds
639,Benjamin,Turner,37,F,25 Mar 1968,2022-06-21,2025-11-05,Finance,103265,5
640,April,Villanueva,29,Decline to comment,28 Dec 2007,2020-10-20,2024-02-25,Engineering,195594,Meets
641, William,Davis,37,Female,1954-09-26,2024-08-18,2026-04-19,IT,3620,Outstanding
642,Jose,Woods,70,Girl,,2024-03-13,2027-04-28,IT,10342,Meets
643, Darren,Woods,,Girl,1949-04-14,2024-08-12,2024-11-07,Marketing,131531,2
644,Jennifer,Conrad,37,Male,26 May 1931,2023-02-09,2024-10-02,Engineering,197990,Exceeds
645,Alexandra,Green,44,Man,12 Jan 2011,2022-05-19,2026-03-31,Finance,133963,5
646,Dawn,Nichols,22,Girl,30 Mar 1956,2023-07-27,2024-12-07,IT,139339,4
647,William,Howard,49,Boy,,2020-09-13,2021-05-30,IT,54570,1
648,Calvin,Jones,21,M,1994-08-07,2024-07-08,2027-12-31,Customer Service,47159,Outstanding
649,Madeline, bender,69,Boy,12 Sep 1949,2020-08-02,2024-03-25,Sales,163622,Exceeds
650,Debra,Burke,20,Boy,2015-08-05,2022-06-02,2024-01-24,IT,46302,3
651,John,Baker,42,Man,27 Nov 1916,2022-08-03,2024-06-09,Operations,120883,5
652, David,Anderson,48,Female,24 Mar 1938,2024-11-18,2025-02-28,Customer Service,157052,Exceeds
653,Zachary,Willis,65,Decline to comment,2014-04-13,2022-04-15,2025-10-24,Marketing,41837,2
654,David,Thomas,49,Boy,1944-03-11,2021-01-06,2023-12-23,Marketing,99251,Below
655,Stephanie,mcdonald ,32,Male,01 Jun 1976,2024-09-14,2026-12-13,HR,98384,Outstanding
656,margaret ,Branch,,M,28 Jun 1945,2021-06-17,2021-08-01,Customer Service,156866,Exceeds
657,Peter,Mccarty,23,Man,,2023-09-13,2024-08-10,Customer Service,5281,4
658,Timothy,Patel,42,M,1911-07-09,2021-10-03,2022-01-10,Sale,184469,4
659,,Smith Thompson,33,Boy,1969-06-26,2024-08-13,2026-08-18,IT,63082,2
660,Briana,Larson,68,Woman,04 Oct 1934,2023-02-25,2023-09-30,engineeringing,141147,2
661,Sheryl,Mccoy,45,Female,27 Aug 1960,2024-01-28,2027-12-03,Marketing,101160,5
662,Michael,Hebert,70,Female,17 Feb 1963,2022-09-22,2026-02-24,HR,166021,Meets
663,Richard,gay ,49,Woman,1928-10-17,2020-09-10,2021-11-18,Engineering,133795,Exceeds
664,David,Walsh,27,Woman,1969-03-20,2024-10-15,2026-03-26,Engineering,98729,Below
665,Matthew,Lam,32,N/A,1983-04-07,2020-03-30,2021-09-14,Finance,146814,3
666,Daniel,Boyle,63,Woman,1942-08-21,2023-10-26,2027-08-26,Operations,193886,Needs Improvement
667,Maria,Watson,58,F,24 Mar 1991,2024-07-13,2025-12-07,Engineering,189724,Exceeds
668,Amy, white,64,Woman,06 Nov 2006,2020-03-22,2022-01-29,Finance,98081,Meets
669,Mark,hall ,64,F,06 Mar 2010,2023-02-11,2025-05-25,Operations,73673,Needs Improvement
670,Angela, carter,33,Female,23 Jan 1940,2020-07-21,2023-03-27,Sales,13191,Exceeds
671,,Silva Black,38,F,1944-06-30,2022-12-30,2026-06-20,Financ,86701,2
672,Brett,Casey,30,M,1979-09-27,2022-06-12,2026-05-31,Sales,15308,2
673,David,Christensen,28,Man,1909-07-08,2022-01-22,2025-11-17,HR,31411,3
674,Sandra, kane,43,N/A,18 Jul 1910,2020-08-09,2021-02-09,Finance,189902,Meets
675,Debra,Mitchell,20,Female,1946-08-23,2022-08-16,2022-10-13,Finance,7834,2
676, Larry,Braun,42,F,1951-12-23,2024-06-10,2026-08-08,Engineering,150117,3
677,Alexis,Patterson,37,Woman,1911-01-27,2023-08-17,2027-02-11,Engineering,161713,Exceeds
678,Janet,Romero,21,Girl,05 Dec 1927,2021-11-09,2023-03-14,Sales,180932,5
679,,Anderson Patton,60,F,1909-08-24,2022-04-20,2025-10-23,Engineering,196751,1
680,Gabriel,Rojas,34,Boy,1948-10-22,2024-01-25,2027-02-19,Engineering,158137,5
681,Matthew,Wolf,56,F,07 Apr 1944,2021-05-29,2021-12-15,Engineering,114511,Exceeds
682,william ,Obrien,22,Woman,1943-02-01,2022-02-23,2023-01-03,Operations,63208,Exceeds
683,Kelsey,Martin,48,Woman,28 Mar 1916,2023-11-25,2025-08-14,Marketing,157133,3
684,Jennifer,Gonzalez,33,M,1915-02-17,2022-06-08,2023-06-30,Marketing,41130,Below
685,Natalie,walker ,,Girl,1955-03-25,2024-05-02,2026-06-21,Sales,123026,3
686,Lisa,Bradford,32,Decline to comment,26 Sep 2020,2024-06-16,2025-09-11,Sales,88053,1
687,Brian,Rowe,65,M,,2024-08-24,2028-03-15,Sales,144431,Meets
688,Brian,mason ,56,Woman,2012-04-07,2024-02-19,2027-08-30,I,39303,5
689,Shirley,Bishop,30,Girl,2001-01-04,2023-05-28,2025-03-26,Finance,31085,Meets
690,Robert, morrison,41,Girl,,2021-12-10,2022-07-23,Marketing,131925,2
691,Joshua,Miller,,Boy,1995-02-14,2023-01-19,2024-04-21,Marketing,47289,3
692, Brian,Chavez,64,N/A,1972-12-23,2020-03-24,2024-03-04,HR,168379,Outstanding
693,Daniel,Sanchez,54,Decline to comment,17 Jul 1987,2022-09-07,2025-02-01,Engineering,116367,1
694,Jennifer, wolfe,25,Woman,2004-12-28,2024-07-30,2024-11-17,HR,150776,Exceeds
695,dana ,Black,55,Female,,2021-06-02,2023-05-09,HR,6603,5
696,Stacy,Fuller,56,Female,1910-03-04,2021-08-15,2022-02-16,HR,104355,Meets
697,Tina,Melton,26,Female,1939-03-30,2023-02-13,2026-09-29,Sales,76011,Exceeds
698,john ,Young,49,F,29 Nov 1998,2023-04-29,2023-08-08,IT,145591,1
699,Connie,Morgan,,Girl,,2023-04-14,2024-04-12,Customer Servic,102410,Below
700,Cynthia,Singh,54,Boy,19 Mar 1913,2022-01-21,2025-10-18,Customer Service,9714,Meets
701,Allison,Johnson,48,Boy,2022-08-12,2024-02-12,2024-03-19,HR,142470,Outstanding
702,Marcus,miller ,31,M,25 Sep 1908,2024-11-08,2025-07-01,Customer Service,74763,1
703, Matthew,Burke,41,F,1975-06-04,2023-02-02,2026-08-22,IT,129134,Outstanding
704,Kenneth, thomas,55,Female,16 May 1992,2021-06-17,2022-12-04,HR,113724,5
705,Sharon,Foster,54,N/A,13 Apr 1969,2021-07-25,2024-01-05,Engineering,184312,5
706,Nicole,Smith,25,Male,,2020-04-30,2022-05-05,HR,157993,2
707,Brittany,White,59,M,28 Jan 1956,2021-03-17,2021-09-27,Customer Service,59836,4
708,Taylor,Flores,64,M,17 Jul 1971,2023-11-07,2026-11-06,Sales,138638,Exceeds
709,James,Martinez,45,Male,16 May 2023,2023-04-13,2024-11-22,Customer Service,91898,2
710, Jason,Campbell,51,Male,17 Aug 2020,2021-02-03,2023-04-10,Marketing,11684,Exceeds
711,Lauren,Rivera,55,Male,1943-09-30,2021-03-27,2023-06-28,IT,39356,2
712,Erica,Weber,35,Girl,23 Dec 1918,2024-12-24,2028-08-05,Finance,36183,1
713,David Brittney,,63,F,,2021-11-05,2024-01-31,Operations,30361,5
714,,Nielsen Jackson,,N/A,1966-01-04,2022-05-22,2026-01-25,Operations,102081,5
715,Janice,York,44,Woman,1927-06-22,2023-03-02,2026-12-25,Sales,5406,2
716,Michael, ramos,56,Woman,,2022-07-01,2023-10-07,Engineering,123607,Needs Improvement
717,Michael,Clayton,63,Woman,2002-02-25,2021-12-31,2023-12-15,Sales,179618,2
718,Jason,Vasquez,25,Boy,1976-06-30,2020-03-21,2023-11-15,Finance,53779,Outstanding
719,Steven Jay,,,Female,1999-11-22,2022-02-19,2024-02-24,HR,107964,Outstanding
720, Brittany, becker,67,Female,1998-11-10,2023-06-25,2027-05-02,Marketing,80014,Exceeds
721,Marco,Webb,24,Boy,1919-03-31,2023-02-15,2027-01-21,Marketing,107065,5
722,Gregory,Huerta,37,Woman,1950-02-03,2020-07-27,2024-07-06,Marketing,185717,Needs Improvement
723,Brittany,Hart,20,F,2005-01-18,2024-10-28,2027-07-18,IT,166311,3
724,Gerald,Benitez,52,Female,1991-12-23,2022-04-19,2025-05-18,Engineering,181380,1
725, Jennifer, garza,46,F,08 Mar 2000,2020-10-07,2021-04-20,Customer Service,30333,Meets
726,Jessica,Sanders,63,Man,2013-06-29,2021-08-16,2023-09-13,Operations,92209,Outstanding
727,Jennifer,Edwards,18,Decline to comment,1990-05-18,2020-04-16,2021-11-01,Engineering,83613,Meets
728,Angela, berry,24,M,2011-06-20,2024-11-23,2025-08-28,Sales,198189,3
729,Rebecca,Waters,51,Woman,14 Dec 1914,2023-08-05,2026-10-06,Sales,165087,3
730,blake ,Gonzalez,66,Man,20 Feb 1996,2024-12-22,2026-01-11,Customer Service,72833,2
731,Cameron,Hernandez,52,Male,2005-03-26,2020-04-28,2021-03-03,Engineering,13130,3
732,Tracie,Davis,51,Boy,03 Apr 2006,2024-03-11,2025-12-11,Marketing,177650,2
733, David,Horne,29,N/A,2007-02-13,2024-05-31,2027-10-21,Operations,112533,2
734,Patricia, hicks,48,F,15 May 1973,2020-07-26,2021-03-16,Financ,156720,Meets
735,,Payne Bennett,63,N/A,18 Oct 1980,2020-01-27,2020-10-02,Operations,170622,2
736,Erin William,,43,N/A,1920-01-14,2021-09-20,2024-08-15,Marketing,174201,4
737,Beverly,Kerr,24,Man,11 Apr 1987,2020-07-25,2022-08-30,Sales,96590,Meets
738,Roger,Greene,57,M,16 Mar 2007,2024-06-30,2024-10-27,H,139330,2
739,Meredith,parker ,21,Male,23 Aug 1938,2023-02-28,2025-03-12,Marketing,97758,Outstanding
740,Steven,Graves,19,Decline to comment,07 Dec 2012,2020-03-25,2022-09-14,Engineering,179957,Exceeds
741,,Wolf Miller,57,F,09 Aug 1950,2022-12-21,2026-03-17,Customer Service,171676,Exceeds
742,Jeremy,Duran,19,Woman,31 Dec 1943,2020-06-13,2021-12-16,Customer Service,144490,2
743,Brian,Allen,56,F,02 Jul 2013,2022-03-22,2024-05-18,Customer Service,86951,Needs Improvement
744,Carol,Harris,47,N/A,15 Sep 1961,2022-02-16,2023-01-29,Operations,183174,2
745,David,Wyatt,35,N/A,28 Jan 1960,2022-08-14,2026-05-20,Customer Service,39954,4
746,Angela,Murphy,67,Boy,15 Mar 1967,2021-02-23,2022-06-11,IT,85202,4
747,Brittany,Jennings,29,Male,1977-11-27,2022-12-07,2023-11-11,IT,56865,3
748,Anthony, flores,,F,12 Aug 1950,2024-12-30,2028-08-20,Engineering,126834,2
749,Curtis,Yu,30,Male,1922-03-06,2021-12-22,2024-03-21,Finance,41357,Needs Improvement
750,William,Smith,67,Male,1979-06-25,2021-01-05,2021-06-02,Operations,132723,Needs Improvement
751,Mallory,Rice,60,F,1959-05-28,2021-06-21,2023-07-12,I,7358,Outstanding
752,Jeffery,Durham,,Female,2013-03-21,2020-02-23,2023-07-05,marketinging,33991,Exceeds
753,Sarah,Gonzalez,,Decline to comment,,2024-06-22,2026-05-06,IT,169440,5
754,,Johnson Boyd,46,Boy,1951-10-23,2020-10-20,2023-10-13,Operations,156760,1
755,Eric, peterson,52,Woman,17 Dec 1957,2020-10-14,2023-08-16,Sale,126391,Outstanding
756,christine ,Ward,70,Man,1987-05-31,2023-09-19,2026-12-16,Marketing,176005,Outstanding
757,Joanne,Carter,29,Woman,,2023-12-04,2027-11-01,Operations,64089,2
758,Jocelyn, brown,58,Decline to comment,05 Jan 1991,2021-01-12,2022-04-07,Marketing,179781,4
759,Michael,Jordan,25,Man,1910-02-19,2020-11-13,2021-10-24,Marketing,105002,1
760, Steven,Skinner,52,M,2010-12-10,2023-06-20,2025-02-23,Marketing,53906,3
761,Eduardo,Wu,25,N/A,23 Jun 1980,2020-10-08,2021-03-05,HR,7122,Needs Improvement
762,Leslie,Castro,20,N/A,07 Nov 1938,2022-01-07,2023-06-12,Finance,140375,Below
763,Robin,Douglas,24,Boy,31 Aug 2008,2023-07-08,2025-04-17,IT,130297,Needs Improvement
764,Kathryn,Davis,69,Male,1915-10-20,2020-10-07,2022-07-18,Sales,45923,Exceeds
765,Wayne,Martin,50,Decline to comment,13 Jul 1987,2023-01-31,2024-06-27,Engineering,9444,5
766,April,Smith,59,N/A,26 Oct 1931,2020-07-29,2024-07-18,Marketing,180569,2
767,lisa ,Alvarado,41,N/A,31 Jul 1967,2024-03-09,2025-07-11,marketinging,86201,Below
768,Julie,Higgins,,Decline to comment,,2023-01-17,2023-09-28,Finance,166412,Exceeds
769,Billy,richard ,47,Girl,11 Jan 1934,2023-12-18,2027-10-23,HR,46000,4
770,Arthur,Bryant,35,Man,05 Nov 1960,2020-09-14,2022-04-15,I,107516,Below
771,,Shaw Yates,58,M,1949-12-15,2022-10-15,2022-11-17,Financ,138609,3
772,Andrew,Fischer,22,Female,1984-05-20,2022-04-24,2025-01-08,engineeringing,173762,Exceeds
773,Trevor,Ballard,,Girl,13 Dec 1933,2024-03-12,2024-05-27,Sales,11799,1
774,Amanda,Hopkins,68,Female,02 Sep 1962,2023-02-19,2025-06-03,Sales,40012,3
775,Bradley, reyes,,F,1966-12-25,2020-07-10,2020-09-22,Sales,35616,Below
776,Lisa,Case,44,N/A,1933-03-08,2023-08-13,2025-12-05,Marketing,178295,3
777,Scott Dawn,,66,Decline to comment,18 Jan 1947,2023-06-17,2025-09-27,Finance,160136,1
778,Laura,Cooper,45,Male,19 Sep 1935,2020-10-17,2023-02-26,Sales,135924,Outstanding
779,Wendy,Gilbert,45,Male,15 Jan 1997,2020-06-16,2023-03-23,Financ,110634,Needs Improvement
780,Christopher,Hill,23,Male,15 Oct 1935,2021-09-10,2022-02-16,IT,2920,3
781,Kristen,Harrison,30,F,,2020-01-30,2020-08-04,Engineering,72265,4
782,Christine,Shelton,32,Woman,1936-03-20,2021-01-30,2021-04-02,Engineering,175077,Meets
783,Cynthia Suzanne,,33,M,2011-03-07,2023-05-04,2024-10-15,IT,64158,Needs Improvement
784,Valerie,Keith,45,Man,25 Mar 2024,2021-02-05,2022-04-10,Operations,134045,Exceeds
785,Peter,Dennis,58,Male,1952-11-22,2024-01-12,2026-02-13,Customer Service,56992,4
786,Jose,Gentry,27,M,18 Oct 1963,2023-10-26,2025-08-23,Operations,92439,Needs Improvement
787, Tina,Hale,65,N/A,28 Aug 2013,2022-09-29,2026-05-15,Engineering,9890,Outstanding
788,Christopher,Holt,33,Woman,,2024-06-28,2026-12-09,HR,183747,2
789,Lacey,Stout,53,Boy,2000-11-16,2020-04-15,2023-02-15,HR,8320,Needs Improvement
790,ronnie ,Anderson,48,N/A,29 Jan 1960,2022-02-04,2025-02-08,Finance,56305,Meets
791,Adam,George,61,Girl,1993-06-16,2020-08-03,2023-10-04,Operations,139913,4
792,Amy,Williams,39,Male,,2020-12-28,2023-06-20,Finance,96734,Outstanding
793,Amy,Johnson,24,N/A,06 Oct 1926,2020-05-11,2020-12-11,Finance,61735,4
794,Cynthia Jason,,28,N/A,1975-05-08,2024-07-03,2025-06-15,Engineering,13035,Below
795,Shannon, cross,,Female,,2021-04-12,2022-02-09,Finance,186159,Needs Improvement
796,Valerie,Brown,59,F,1989-01-08,2022-03-26,2023-02-24,IT,132834,Needs Improvement
797,Christopher, jones,66,Man,05 Apr 1942,2021-03-05,2024-01-23,Customer Service,172351,Exceeds
798,James,Green,31,Decline to comment,29 Mar 1975,2024-06-28,2024-10-31,Customer Service,94182,3
799,Jennifer,Figueroa,63,Man,1950-08-11,2024-12-15,2027-02-15,HR,63898,5
800,Brenda,Moore,67,Decline to comment,1957-01-14,2023-03-05,2024-01-21,HR,3765,Below
801, Karen,Lopez,33,Woman,11 Jan 1970,2022-07-13,2026-05-05,Finance,40835,Needs Improvement
802,Adrian,Hampton,60,Male,2022-01-14,2024-04-12,2027-12-02,Customer Service,41243,5
803,Robert Richard,,49,F,26 Jul 1997,2020-02-19,2022-04-24,IT,168609,Below
804,Gary,rodriguez ,64,Man,17 Sep 1947,2020-03-01,2021-09-10,I,6865,3
805,James,Davis,23,Boy,1930-02-19,2021-08-03,2023-04-19,Marketing,122998,2
806,melissa ,Walters,,M,31 Aug 2023,2021-02-23,2024-04-13,Engineering,145015,Exceeds
807,Michael,Yang,30,Man,23 Dec 1951,2020-08-28,2023-05-03,IT,11508,Needs Improvement
808,Hannah,Vasquez,69,F,1998-01-21,2020-07-12,2022-02-17,Finance,102384,2
809,pamela ,Miller,58,Man,1936-01-12,2022-04-30,2022-07-09,Marketing,95403,Below
810, Michelle,page ,43,Female,1918-11-18,2023-10-12,2024-05-11,Financ,78449,1
811,justin ,Hughes,34,Girl,1937-01-30,2020-04-01,2021-05-05,Marketing,110522,3
812,Kurt,Barker,55,N/A,1965-07-10,2020-09-18,2023-03-27,IT,124181,4
813,Sabrina,Blevins,37,Decline to comment,1913-11-10,2020-07-28,2023-12-25,Engineering,50480,Below
814,Ana,freeman ,48,Decline to comment,,2024-09-17,2027-08-16,IT,120042,Exceeds
815,Tracey,Garrett,,Female,1945-11-30,2024-09-10,2025-06-24,Sales,149763,3
816,Joseph,Brown,64,Boy,30 Mar 1933,2022-01-18,2022-07-09,Marketing,73373,3
817,Michael,Elliott,22,Woman,1968-07-12,2023-04-08,2024-09-15,Marketing,81334,Outstanding
818,Ryan, ware,52,Girl,,2020-12-19,2021-08-31,HR,172725,2
819,Jackson,Torres,35,Boy,12 Feb 1932,2022-07-12,2023-04-08,IT,7567,Needs Improvement
820,Theresa, harris,30,Woman,05 Sep 1916,2020-08-05,2023-05-16,HR,157338,3
821,Scott, johnson,44,N/A,1965-12-05,2021-11-01,2022-01-27,Sales,34059,Meets
822,John,Wilkins,46,Male,16 Jan 1921,2024-08-24,2027-08-10,IT,115797,5
823,Vickie,Bowen,41,N/A,07 Jun 1948,2024-11-21,2027-02-10,I,154722,4
824,John,Taylor,28,Woman,1956-08-10,2024-02-08,2025-10-10,Operations,79522,Below
825, Christian,Smith,50,Male,03 Sep 2005,2021-01-26,2021-10-24,Finance,127101,Meets
826,Kevin,Anderson,51,Decline to comment,30 Sep 1933,2023-04-14,2023-12-09,Customer Service,63155,Outstanding
827,veronica ,Cook,,M,07 Aug 2003,2021-01-18,2022-03-19,IT,128886,Meets
828,,Shaw Wu,59,Girl,2005-08-26,2020-08-20,2021-07-16,IT,149664,Below
829,,Hart Coleman,35,Girl,1917-06-09,2023-08-03,2027-02-04,Finance,13076,1
830,George,Smith,68,Female,1919-11-06,2020-08-16,2023-09-27,Operations,7156,Outstanding
831,Brandon,Warren,,Decline to comment,,2023-12-02,2025-12-30,HR,108433,Exceeds
832,,Blake Acevedo,32,Female,1941-02-20,2022-08-25,2024-03-21,Finance,9629,1
833,Catherine,Mejia,18,F,26 Jul 1947,2024-01-28,2027-10-17,Marketing,33007,Below
834,Bryan,Bauer,32,Boy,14 Mar 1956,2023-09-26,2025-07-03,Sales,78307,Meets
835, Elizabeth,Odom,57,Boy,11 May 1916,2024-03-10,2025-02-07,Marketing,159060,Outstanding
836,Melanie,Andersen,52,Man,02 Apr 1947,2023-01-12,2025-10-21,Engineering,100441,2
837,Alexa,rosales ,50,Boy,2015-06-30,2024-02-11,2025-11-28,Marketing,7106,Exceeds
838,Christopher Christopher,,44,Boy,19 Mar 1928,2020-02-05,2020-09-15,Operations,8234,Outstanding
839,michael ,Bradley,34,Male,10 Aug 1994,2024-11-03,2027-11-13,IT,113425,1
840,Edward Mark,,44,Boy,,2020-02-22,2020-09-20,Marketing,31702,1
841,Mark,Griffith,,F,2010-01-05,2021-08-29,2023-02-17,Sales,117794,2
842,Matthew Jerome,,55,M,1966-09-05,2024-04-16,2027-06-21,Engineering,110253,Needs Improvement
843, Brian,Preston,42,Boy,19 Jun 1923,2021-05-08,2023-03-03,Finance,9674,2
844,Bailey,Gomez,38,Female,1921-07-15,2021-10-01,2022-10-31,Customer Service,7741,1
845,Edward,Nichols,39,Woman,1930-08-06,2020-09-13,2022-02-10,Sales,86944,Below
846,Tyler,Wood,42,Boy,1999-03-26,2022-05-13,2024-05-24,Finance,170862,Outstanding
847, Dennis,Wilson,,N/A,1951-08-04,2023-11-23,2024-09-12,Finance,172848,1
848,Wanda,Lee,57,Male,,2022-01-11,2022-11-21,Engineering,16609,5
849,Valerie,Reed,66,Decline to comment,02 Apr 1992,2024-09-14,2027-01-10,IT,198369,Below
850,David,Ruiz,,M,1997-07-03,2023-06-23,2026-01-08,Marketing,102282,Exceeds
851,Cody Brandy,,27,Boy,17 Jan 1952,2021-12-01,2025-01-03,Financ,6354,Meets
852,Jennifer,Murray,64,Girl,14 Sep 1934,2024-05-12,2025-04-15,Engineering,66292,Needs Improvement
853,mary ,brown ,40,N/A,1973-10-31,2024-03-05,2027-11-06,Finance,189274,Exceeds
854, Robert,Kane,,Woman,16 Jan 1936,2020-05-04,2023-06-13,Operations,125474,Exceeds
855,Amanda,Floyd,59,N/A,1987-06-24,2020-05-01,2021-05-16,Marketing,85590,3
856,Kayla,oneal ,38,Man,01 Oct 1973,2024-02-18,2024-05-02,Sales,188896,Needs Improvement
857,Veronica, reid,45,Boy,30 Aug 1908,2023-07-21,2026-10-07,marketinging,110103,3
858,Lauren,Alexander,31,Girl,03 Apr 1912,2021-06-15,2022-03-28,Operations,62817,Below
859,Henry,thomas ,40,F,04 Jul 1926,2021-11-11,2024-10-28,Financ,6936,Exceeds
860,Gerald,Hall,18,Woman,1924-01-03,2023-10-06,2023-12-08,Engineering,187403,1
861, Emily,Sullivan,66,Girl,04 Dec 2007,2021-10-05,2024-05-15,Sales,120465,5
862,,Scott Beasley,37,Male,,2021-01-26,2022-10-20,I,59074,Exceeds
863,edward ,West,32,Decline to comment,15 Oct 1984,2024-08-13,2026-12-14,Sales,171948,Outstanding
864,Carol,Becker,52,Girl,04 Mar 2012,2021-08-16,2023-06-29,HR,69929,2
865,Kyle Joseph,,65,Man,11 Jun 1933,2022-01-26,2023-09-12,HR,122203,Needs Improvement
866,Elizabeth,Sherman,,Female,1971-07-09,2023-09-02,2027-02-08,IT,8319,Outstanding
867,Stacy,Hancock,,Male,21 Apr 2014,2021-07-24,2023-05-18,Engineering,169379,Outstanding
868,Mary, guzman,37,Man,,2023-09-05,2026-07-24,H,140764,4
869,Nicole, castillo,62,F,2003-12-19,2024-07-12,2027-08-01,Customer Service,69028,3
870, Sheryl,Mason,55,Girl,,2024-04-13,2025-09-23,HR,192889,5
871, Christopher,Hicks,22,Girl,1989-08-21,2021-08-18,2022-02-01,H,165577,2
872,Debra Debbie,,21,Decline to comment,1946-10-08,2020-09-17,2023-08-20,IT,161844,5
873,Larry,Tate,29,Male,17 Dec 1945,2022-08-18,2022-12-05,Operations,109126,Exceeds
874,Michael,Murphy,,Girl,2006-07-03,2020-02-08,2023-09-10,Operations,145551,Needs Improvement
875,Danny,valdez ,43,Man,2005-09-09,2023-06-15,2024-11-23,Customer Servic,57001,3
876,John,Gonzales,47,Girl,2017-04-19,2022-07-07,2023-02-15,Sales,40986,Meets
877,Barbara,Payne,27,N/A,21 Jan 1914,2020-03-27,2023-12-03,marketinging,150545,5
878,Thomas,Lopez,32,N/A,28 Aug 1976,2020-08-04,2020-09-28,Engineering,108652,Exceeds
879,Natalie,Obrien,24,Female,,2024-01-06,2027-04-02,Marketing,115419,4
880,Thomas,Meyer,52,Decline to comment,28 Jan 1992,2023-08-04,2025-02-08,Marketing,128684,1
881,Jamie,Smith,51,F,22 Apr 1974,2021-05-05,2021-09-07,Engineering,45403,Outstanding
882,Daniel,Hunter,47,M,2002-08-04,2021-05-05,2021-09-18,Marketing,92762,5
883,Nathan,Davis,58,Boy,06 Apr 1972,2023-02-19,2025-08-18,HR,93551,4
884,danielle ,Boyer,53,F,28 Oct 1935,2024-06-30,2024-11-26,engineeringing,174210,Needs Improvement
885,Jennifer,Thomas,37,Male,2017-10-27,2023-04-29,2026-10-15,Marketing,76087,Meets
886,Ian,Murphy,28,Girl,1958-11-16,2022-10-27,2024-09-30,HR,176046,Exceeds
887,Danielle,Sweeney,65,Woman,20 Jul 2016,2020-01-25,2021-01-29,Finance,10090,5
888,Melissa,Miller,30,Woman,,2020-08-27,2020-12-21,Customer Service,179236,Below
889,Robert,Long,51,Female,12 Oct 1969,2023-06-21,2027-01-21,Customer Service,105986,Meets
890, Charles,Bond,21,Girl,25 May 1986,2023-09-29,2025-02-04,Operations,33033,5
891,brooke ,Kim,69,Girl,1999-10-24,2020-03-04,2023-07-20,HR,145472,Meets
892, Reginald,Hill,36,F,17 Feb 1914,2024-03-03,2026-04-01,Customer Service,82486,5
893,Ray,Soto,24,Boy,1962-08-04,2024-03-09,2025-05-25,Operations,196222,Needs Improvement
894,Sandra,Aguilar,31,Man,2011-02-05,2022-01-21,2023-11-13,Customer Servic,68537,2
895,Tonya, combs,42,Boy,02 May 1913,2021-05-27,2021-10-02,Finance,134830,Needs Improvement
896,Brianna,Owen,,F,01 Mar 1914,2023-10-27,2026-05-01,H,183812,Below
897,Charles,Hayden,62,Female,29 Sep 1941,2023-10-17,2027-09-15,Sales,191631,2
898,Eric,Johnson,43,Man,1963-12-05,2022-12-01,2025-04-08,engineeringing,188894,Meets
899,Zachary,Guzman,55,Girl,2011-12-14,2022-12-09,2023-12-07,HR,90802,2
900,Kimberly,Martin,33,Woman,1979-05-06,2024-12-22,2025-06-30,Sales,122140,4
901,Monica, watkins,61,N/A,1939-12-12,2022-02-08,2024-10-21,marketinging,63769,Needs Improvement
902,Michelle, cain,67,N/A,1917-09-22,2020-04-16,2021-02-17,Finance,114256,Outstanding
903,Spencer,Miller,49,Boy,23 Jan 1981,2022-04-29,2024-05-27,Operations,8367,Exceeds
904,Joseph,Evans,39,Male,,2024-05-15,2027-06-23,Customer Service,124520,Needs Improvement
905,Robert,Kim,51,Man,1999-11-13,2023-02-19,2025-04-24,Operations,156278,2
906,Russell,Gardner,31,M,1930-02-18,2020-07-22,2022-07-27,Finance,83969,3
907,duane ,Cameron,20,M,20 Jul 2016,2021-03-14,2021-11-27,IT,192164,2
908,Julie,Mitchell,24,Boy,13 Sep 1923,2021-11-21,2022-09-22,IT,147923,2
909,kyle ,Lawson,23,Man,,2023-12-09,2024-02-06,IT,164942,Meets
910,James,Clark,64,Male,1953-09-18,2024-12-25,2026-09-01,Sales,123998,Below
911,Tiffany,Walton,47,Girl,1982-05-21,2021-10-11,2023-05-06,Sales,43827,Exceeds
912,Taylor, young,34,Boy,05 Apr 2008,2021-01-15,2023-10-21,marketinging,160713,3
913,Tom, cox,25,N/A,30 Apr 1998,2020-04-08,2023-10-01,HR,159765,Meets
914,Richard,Baker,33,Girl,11 Sep 2017,2020-01-29,2021-02-08,Marketing,95950,Meets
915,brenda ,Burke,57,F,,2024-09-18,2027-11-15,H,68245,2
916,nicholas ,Williamson,43,N/A,1971-11-09,2024-01-06,2024-10-15,Marketing,95805,Exceeds
917,Craig,johnson ,61,M,1925-10-25,2023-01-01,2026-04-11,Customer Service,14545,3
918,Devin,smith ,66,Woman,1988-08-11,2024-07-29,2027-03-18,HR,104415,Below
919, Michael,Brooks,70,Boy,,2020-03-11,2023-08-12,Customer Service,170047,4
920,Noah,Ward,31,Man,1935-10-27,2022-06-04,2026-02-24,Engineering,155888,3
921,Elizabeth,Diaz,70,Boy,1909-06-13,2023-02-20,2023-07-02,IT,118632,3
922,Marcus,Young,,M,14 Dec 2000,2022-08-30,2023-03-19,Finance,9066,Needs Improvement
923,Ricky,Espinoza,39,Girl,2002-11-08,2022-05-31,2025-08-13,HR,8915,Below
924,Marilyn,Pittman,21,M,1911-12-20,2020-07-05,2021-06-01,Engineering,172493,3
925,Rachel, wallace,18,Decline to comment,13 Feb 1956,2021-08-23,2023-12-10,Customer Service,48562,Below
926,Manuel,Winters,40,Man,07 Nov 1986,2021-12-21,2025-03-08,Marketing,96953,4
927,Kelsey, stephenson,40,Girl,1964-03-03,2020-03-26,2020-12-06,Finance,78024,3
928,Rebecca,Stevens,34,F,15 May 1997,2021-05-01,2021-10-13,HR,96634,Below
929,Joy,Myers,66,Man,02 Dec 1983,2023-03-30,2024-12-10,HR,40405,Outstanding
930, Hannah, lopez,68,F,23 Feb 1942,2024-09-18,2025-01-27,Finance,134510,3
931,Christian,Short,64,Male,1915-01-20,2023-11-20,2024-05-07,Sales,175052,4
932,Christopher,Davidson,,Girl,2018-10-26,2023-07-07,2023-09-01,Finance,99446,Outstanding
933,Stephen,Lewis,62,Male,13 Feb 1943,2024-08-14,2027-11-02,HR,192511,Needs Improvement
934,Robert,Brown,,Boy,10 Oct 1967,2023-05-01,2025-09-03,Customer Service,133211,Exceeds
935,Anthony,Doyle,30,Woman,1948-07-13,2024-09-22,2027-04-29,Customer Service,147658,5
936,Nathan,Duncan,70,Decline to comment,21 Jul 1911,2023-01-13,2024-03-16,HR,166079,3
937,Michael Daniel,,36,Boy,07 Jun 1912,2022-04-18,2025-09-04,Sale,12607,2
938, Leah,Miller,64,Man,14 Mar 1987,2020-12-29,2023-08-03,HR,121412,Below
939,James,Grant,70,Girl,1918-04-14,2024-10-30,2027-02-14,Marketing,15840,3
940,Bernard,Hart,38,M,1991-07-12,2021-09-07,2022-03-03,IT,93304,Exceeds
941,Hannah, ayala,,Man,1954-01-03,2024-08-02,2026-02-28,Engineering,152808,4
942,Samuel,kane ,37,M,1970-04-29,2024-11-04,2028-01-13,Finance,136842,5
943,julie ,Owens,40,Female,1968-12-28,2020-04-14,2023-12-21,Operations,120433,Below
944,Glenn,Lopez,57,Male,02 Jan 1938,2020-12-29,2024-05-05,Operations,116198,Below
945,James, caldwell,65,N/A,30 Jan 1971,2024-08-07,2025-12-14,Operations,60949,4
946,Angela,Williams,63,Girl,1979-06-01,2022-05-18,2023-03-02,HR,94784,5
947,Richard,Willis,52,Decline to comment,2020-09-25,2024-04-17,2026-06-11,Sales,109349,5
948,andrea ,Perry,69,Man,23 Jun 1922,2021-04-29,2025-01-07,Engineering,42454,1
949,Jessica,Perez,49,Man,1967-04-29,2021-10-12,2025-01-09,Marketing,180118,5
950,Megan,Watson,47,Female,1922-10-30,2023-02-07,2024-09-17,I,181646,Exceeds
951,Tracy,Zamora,,M,2002-07-20,2024-12-18,2026-02-03,Marketing,195041,Meets
952,James,Young,62,Female,1994-08-28,2023-11-21,2026-08-31,Sales,192546,2
953,Brian,Reeves,38,Female,14 Sep 1917,2022-08-12,2024-10-07,Operations,72971,Meets
954,denise ,Ray,39,Male,25 Oct 1988,2020-02-22,2020-12-20,Sales,97677,1
955,Heather,Harrell,32,N/A,07 Sep 2001,2024-12-13,2027-07-30,Sales,91527,5
956,Anthony,Vargas,,N/A,21 Sep 1938,2021-02-19,2022-03-26,Customer Service,69422,3
957,Mark,Jones,18,N/A,1910-10-01,2023-11-11,2027-07-05,engineeringing,53247,4
958,Kenneth,Gregory,,Male,1974-12-20,2022-06-06,2023-06-03,HR,13047,Meets
959,,Stanley Jackson,68,Man,1980-12-29,2024-04-17,2027-03-20,HR,100001,Meets
960,,Robertson Ramos,24,Male,1989-12-17,2021-06-09,2023-01-12,IT,182621,3
961,Deborah,Price,57,N/A,1973-01-26,2022-09-29,2026-07-17,IT,112564,1
962,Kathy,Fisher,69,Girl,05 Mar 2001,2021-10-15,2023-03-01,Finance,74638,Outstanding
963,Bethany,Edwards,35,N/A,13 Nov 1996,2022-12-22,2024-05-17,Sales,92191,1
964,Barbara, curry,40,Male,1919-02-18,2021-08-24,2023-09-17,Customer Service,85719,Exceeds
965,Zachary,Moore,61,F,15 Feb 2006,2021-01-10,2021-10-16,Marketing,123617,Meets
966,William,Caldwell,65,Man,1988-05-10,2024-12-01,2028-02-04,Engineering,131800,3
967,Susan,Wyatt,39,F,,2020-06-26,2022-11-27,Customer Servic,113330,Exceeds
968,Kelly,Rodriguez,51,Boy,2011-11-10,2021-09-14,2023-10-20,Finance,90407,Outstanding
969,Allison, ruiz,47,Woman,2022-12-18,2021-06-06,2023-06-05,HR,119627,2
970,Rebecca,Beard,39,Female,,2020-10-21,2020-12-14,Operations,11288,5
971,julia , lawson,22,Woman,,2022-09-08,2024-05-14,Customer Service,157222,Needs Improvement
972,jennifer ,Williams,18,Boy,19 Oct 1953,2024-10-12,2025-07-28,IT,156997,1
973,,Mendez Alvarez,53,Female,1935-04-04,2022-09-23,2024-08-24,marketinging,15858,1
974,connie , dixon,34,F,2022-04-14,2023-02-04,2025-07-18,Sales,56210,Outstanding
975,Frank,Chen,27,Woman,23 Jul 1915,2020-12-24,2024-01-24,IT,128220,Outstanding
976,Theresa,Cruz,20,F,1968-04-15,2020-03-22,2021-11-23,Sales,59811,Outstanding
977,Kathleen,Cooper,63,Female,21 Apr 1945,2021-09-29,2023-02-15,Engineering,91643,3
978,Michael Shannon,,27,Girl,11 Aug 1909,2023-08-22,2027-08-07,Sales,83161,Exceeds
979,Erica,Hobbs,19,Girl,2010-09-01,2020-07-09,2024-06-10,Operations,109432,Outstanding
980,Dominic,Owens,,Girl,27 Aug 1956,2022-10-15,2026-01-21,Sales,11156,Outstanding
981,Keith,Stephens,,Boy,18 Mar 1960,2023-04-18,2026-08-25,Marketing,192423,Needs Improvement
982,Kimberly,Mcdonald,44,Woman,15 Aug 1916,2021-03-31,2023-03-26,IT,71911,Below
983,Marisa,Sanders,53,Male,1941-04-20,2023-02-05,2024-02-23,Engineering,14649,5
984, Tiffany,Hanson,45,Boy,08 Jun 1984,2022-06-18,2023-02-12,I,48494,4
985,Max,campbell ,32,Man,30 Dec 1940,2020-02-13,2021-09-05,Customer Service,14565,5
986,Thomas,Mendez,55,F,1984-06-16,2022-12-23,2023-12-19,Sales,144853,Exceeds
987,Jennifer,Friedman,24,Male,22 Sep 1935,2022-06-12,2026-02-03,HR,40850,1
988,,Sullivan Morgan,27,Girl,1917-07-01,2020-01-21,2021-05-28,Sales,195930,Meets
989,Ethan,Pitts,48,Man,14 Dec 1948,2023-03-25,2023-11-10,HR,190247,5
990,Lisa,Lynch,31,Female,1946-11-09,2022-07-26,2023-01-01,Engineering,163636,Meets
991,Elizabeth Michael,,68,Decline to comment,31 Mar 2000,2022-08-17,2025-05-21,Engineering,157486,Needs Improvement
992,Henry,Berry,52,Female,1960-08-16,2024-11-07,2027-09-04,IT,42710,Needs Improvement
993,Alan,Dunn,45,F,10 Nov 2022,2023-05-24,2024-07-30,Sales,133615,Exceeds
994, Ralph,Perry,44,Male,1953-11-01,2024-11-10,2024-12-13,Customer Service,158779,1
995, Jim,Mendoza,30,Woman,1939-12-20,2023-05-25,2023-10-13,Financ,32691,1
996, Heather,Salazar,66,Boy,,2022-03-15,2024-04-24,IT,108230,Outstanding
997, Matthew,lowery ,48,N/A,24 Apr 1972,2024-12-04,2027-03-03,Finance,5777,3
998,Martin Danny,,63,Man,1951-05-21,2020-08-13,2023-09-28,IT,110772,Needs Improvement
999,Shelby,Mata,19,Man,1985-11-23,2020-08-05,2023-09-24,IT,164747,4
1000,Vincent,Lambert,48,Female,02 Apr 1950,2021-10-28,2022-12-24,HR,53803,4
